program,n_rotations,delta,tvd,detected
ae_10,36,0.0,0.0,0
ae_10,36,0.01,0.015381,0
ae_10,36,0.02,0.023163,0
ae_10,36,0.03,0.033173,0
ae_10,36,0.05,0.054382,1
ae_10,36,0.07,0.080811,1
ae_10,36,0.1,0.136536,1
ae_10,36,0.15,0.252838,1
ae_10,36,0.2,0.386017,1
ae_10,36,0.3,0.645935,1
ae_10,36,0.5,0.919922,1
ae_12,55,0.0,0.0,0
ae_12,55,0.01,0.01123,0
ae_12,55,0.02,0.022186,0
ae_12,55,0.03,0.034576,1
ae_12,55,0.05,0.073273,1
ae_12,55,0.07,0.127655,1
ae_12,55,0.1,0.231628,1
ae_12,55,0.15,0.433105,1
ae_12,55,0.2,0.631561,1
ae_12,55,0.3,0.88559,1
ae_12,55,0.5,0.990479,1
ae_14,78,0.0,0.0,0
ae_14,78,0.01,0.004974,1
ae_14,78,0.02,0.019287,1
ae_14,78,0.03,0.043427,1
ae_14,78,0.05,0.120148,1
ae_14,78,0.07,0.223297,1
ae_14,78,0.1,0.406891,1
ae_14,78,0.15,0.695648,1
ae_14,78,0.2,0.883148,1
ae_14,78,0.3,0.994537,1
ae_14,78,0.5,0.999969,1
ae_3,1,0.0,0.0,0
ae_3,1,0.01,0.00238,0
ae_3,1,0.02,0.005035,0
ae_3,1,0.03,0.007721,0
ae_3,1,0.05,0.013153,0
ae_3,1,0.07,0.01889,0
ae_3,1,0.1,0.028076,0
ae_3,1,0.15,0.040771,0
ae_3,1,0.2,0.05423,1
ae_3,1,0.3,0.07959,1
ae_3,1,0.5,0.128723,1
ae_4,3,0.0,0.0,0
ae_4,3,0.01,0.001862,0
ae_4,3,0.02,0.003265,0
ae_4,3,0.03,0.0047,0
ae_4,3,0.05,0.007507,0
ae_4,3,0.07,0.011139,0
ae_4,3,0.1,0.016083,0
ae_4,3,0.15,0.024811,0
ae_4,3,0.2,0.036896,1
ae_4,3,0.3,0.066132,1
ae_4,3,0.5,0.179138,1
ae_5,6,0.0,0.0,0
ae_5,6,0.01,0.004517,0
ae_5,6,0.02,0.008179,0
ae_5,6,0.03,0.0112,0
ae_5,6,0.05,0.019135,0
ae_5,6,0.07,0.026031,0
ae_5,6,0.1,0.037292,0
ae_5,6,0.15,0.056061,1
ae_5,6,0.2,0.073212,1
ae_5,6,0.3,0.105011,1
ae_5,6,0.5,0.2052,1
ae_6,10,0.0,0.0,0
ae_6,10,0.01,0.00473,0
ae_6,10,0.02,0.00824,0
ae_6,10,0.03,0.012543,0
ae_6,10,0.05,0.022217,0
ae_6,10,0.07,0.033478,0
ae_6,10,0.1,0.050354,0
ae_6,10,0.15,0.082886,1
ae_6,10,0.2,0.120789,1
ae_6,10,0.3,0.231628,1
ae_6,10,0.5,0.479584,1
ae_8,21,0.0,0.0,0
ae_8,21,0.01,0.003815,0
ae_8,21,0.02,0.006927,0
ae_8,21,0.03,0.011414,0
ae_8,21,0.05,0.025116,1
ae_8,21,0.07,0.045532,1
ae_8,21,0.1,0.086304,1
ae_8,21,0.15,0.179352,1
ae_8,21,0.2,0.292328,1
ae_8,21,0.3,0.543701,1
ae_8,21,0.5,0.890839,1
bmw_quark_cardinality_10,97,0.0,0.0,0
bmw_quark_cardinality_10,97,0.01,0.076752,0
bmw_quark_cardinality_10,97,0.02,0.088226,1
bmw_quark_cardinality_10,97,0.03,0.102814,1
bmw_quark_cardinality_10,97,0.05,0.142975,1
bmw_quark_cardinality_10,97,0.07,0.180023,1
bmw_quark_cardinality_10,97,0.1,0.251495,1
bmw_quark_cardinality_10,97,0.15,0.352997,1
bmw_quark_cardinality_10,97,0.2,0.444489,1
bmw_quark_cardinality_10,97,0.3,0.587158,1
bmw_quark_cardinality_10,97,0.5,0.651672,1
bmw_quark_cardinality_12,117,0.0,0.0,0
bmw_quark_cardinality_12,117,0.01,0.141449,1
bmw_quark_cardinality_12,117,0.02,0.154541,1
bmw_quark_cardinality_12,117,0.03,0.17041,1
bmw_quark_cardinality_12,117,0.05,0.200562,1
bmw_quark_cardinality_12,117,0.07,0.238434,1
bmw_quark_cardinality_12,117,0.1,0.306427,1
bmw_quark_cardinality_12,117,0.15,0.420197,1
bmw_quark_cardinality_12,117,0.2,0.523376,1
bmw_quark_cardinality_12,117,0.3,0.681671,1
bmw_quark_cardinality_12,117,0.5,0.788696,1
bmw_quark_cardinality_14,137,0.0,0.0,0
bmw_quark_cardinality_14,137,0.01,0.234192,1
bmw_quark_cardinality_14,137,0.02,0.245453,1
bmw_quark_cardinality_14,137,0.03,0.258026,1
bmw_quark_cardinality_14,137,0.05,0.286438,1
bmw_quark_cardinality_14,137,0.07,0.322235,1
bmw_quark_cardinality_14,137,0.1,0.385529,1
bmw_quark_cardinality_14,137,0.15,0.491058,1
bmw_quark_cardinality_14,137,0.2,0.596954,1
bmw_quark_cardinality_14,137,0.3,0.74408,1
bmw_quark_cardinality_14,137,0.5,0.860504,1
bmw_quark_cardinality_2,17,0.0,0.0,0
bmw_quark_cardinality_2,17,0.01,0.004486,0
bmw_quark_cardinality_2,17,0.02,0.008911,0
bmw_quark_cardinality_2,17,0.03,0.013245,0
bmw_quark_cardinality_2,17,0.05,0.021545,0
bmw_quark_cardinality_2,17,0.07,0.030426,0
bmw_quark_cardinality_2,17,0.1,0.042084,1
bmw_quark_cardinality_2,17,0.15,0.063141,1
bmw_quark_cardinality_2,17,0.2,0.08493,1
bmw_quark_cardinality_2,17,0.3,0.115601,1
bmw_quark_cardinality_2,17,0.5,0.111511,1
bmw_quark_cardinality_3,27,0.0,0.0,0
bmw_quark_cardinality_3,27,0.01,0.007477,0
bmw_quark_cardinality_3,27,0.02,0.015778,0
bmw_quark_cardinality_3,27,0.03,0.024963,0
bmw_quark_cardinality_3,27,0.05,0.044586,1
bmw_quark_cardinality_3,27,0.07,0.066467,1
bmw_quark_cardinality_3,27,0.1,0.102234,1
bmw_quark_cardinality_3,27,0.15,0.168427,1
bmw_quark_cardinality_3,27,0.2,0.231415,1
bmw_quark_cardinality_3,27,0.3,0.343384,1
bmw_quark_cardinality_3,27,0.5,0.435791,1
bmw_quark_cardinality_4,37,0.0,0.0,0
bmw_quark_cardinality_4,37,0.01,0.015045,0
bmw_quark_cardinality_4,37,0.02,0.029144,0
bmw_quark_cardinality_4,37,0.03,0.042053,0
bmw_quark_cardinality_4,37,0.05,0.07251,1
bmw_quark_cardinality_4,37,0.07,0.098846,1
bmw_quark_cardinality_4,37,0.1,0.138489,1
bmw_quark_cardinality_4,37,0.15,0.204224,1
bmw_quark_cardinality_4,37,0.2,0.274261,1
bmw_quark_cardinality_4,37,0.3,0.371857,1
bmw_quark_cardinality_4,37,0.5,0.535645,1
bmw_quark_cardinality_5,47,0.0,0.0,0
bmw_quark_cardinality_5,47,0.01,0.018127,0
bmw_quark_cardinality_5,47,0.02,0.032837,0
bmw_quark_cardinality_5,47,0.03,0.046143,0
bmw_quark_cardinality_5,47,0.05,0.075531,1
bmw_quark_cardinality_5,47,0.07,0.099426,1
bmw_quark_cardinality_5,47,0.1,0.134186,1
bmw_quark_cardinality_5,47,0.15,0.184448,1
bmw_quark_cardinality_5,47,0.2,0.228668,1
bmw_quark_cardinality_5,47,0.3,0.294159,1
bmw_quark_cardinality_5,47,0.5,0.352936,1
bmw_quark_cardinality_6,57,0.0,0.0,0
bmw_quark_cardinality_6,57,0.01,0.016174,0
bmw_quark_cardinality_6,57,0.02,0.027893,0
bmw_quark_cardinality_6,57,0.03,0.042023,0
bmw_quark_cardinality_6,57,0.05,0.065094,0
bmw_quark_cardinality_6,57,0.07,0.094055,1
bmw_quark_cardinality_6,57,0.1,0.137329,1
bmw_quark_cardinality_6,57,0.15,0.20694,1
bmw_quark_cardinality_6,57,0.2,0.278503,1
bmw_quark_cardinality_6,57,0.3,0.382965,1
bmw_quark_cardinality_6,57,0.5,0.570648,1
bmw_quark_cardinality_8,77,0.0,0.0,0
bmw_quark_cardinality_8,77,0.01,0.034637,0
bmw_quark_cardinality_8,77,0.02,0.052216,0
bmw_quark_cardinality_8,77,0.03,0.071503,0
bmw_quark_cardinality_8,77,0.05,0.110138,1
bmw_quark_cardinality_8,77,0.07,0.150482,1
bmw_quark_cardinality_8,77,0.1,0.208282,1
bmw_quark_cardinality_8,77,0.15,0.306183,1
bmw_quark_cardinality_8,77,0.2,0.38736,1
bmw_quark_cardinality_8,77,0.3,0.495178,1
bmw_quark_cardinality_8,77,0.5,0.589539,1
bmw_quark_copula_10,100,0.0,0.0,0
bmw_quark_copula_10,100,0.01,0.040192,0
bmw_quark_copula_10,100,0.02,0.065033,0
bmw_quark_copula_10,100,0.03,0.089966,0
bmw_quark_copula_10,100,0.05,0.135468,0
bmw_quark_copula_10,100,0.07,0.179474,1
bmw_quark_copula_10,100,0.1,0.243652,1
bmw_quark_copula_10,100,0.15,0.333618,1
bmw_quark_copula_10,100,0.2,0.401154,1
bmw_quark_copula_10,100,0.3,0.472534,1
bmw_quark_copula_10,100,0.5,0.476715,1
bmw_quark_copula_12,132,0.0,0.0,0
bmw_quark_copula_12,132,0.01,0.076538,0
bmw_quark_copula_12,132,0.02,0.112579,0
bmw_quark_copula_12,132,0.03,0.139404,0
bmw_quark_copula_12,132,0.05,0.190125,0
bmw_quark_copula_12,132,0.07,0.241577,0
bmw_quark_copula_12,132,0.1,0.311859,1
bmw_quark_copula_12,132,0.15,0.402008,1
bmw_quark_copula_12,132,0.2,0.462097,1
bmw_quark_copula_12,132,0.3,0.510071,1
bmw_quark_copula_12,132,0.5,0.514832,1
bmw_quark_copula_14,168,0.0,0.0,0
bmw_quark_copula_14,168,0.01,0.162415,0
bmw_quark_copula_14,168,0.02,0.227936,0
bmw_quark_copula_14,168,0.03,0.264099,0
bmw_quark_copula_14,168,0.05,0.323212,1
bmw_quark_copula_14,168,0.07,0.370728,1
bmw_quark_copula_14,168,0.1,0.428619,1
bmw_quark_copula_14,168,0.15,0.510803,1
bmw_quark_copula_14,168,0.2,0.55603,1
bmw_quark_copula_14,168,0.3,0.586273,1
bmw_quark_copula_14,168,0.5,0.590637,1
bmw_quark_copula_2,12,0.0,0.0,0
bmw_quark_copula_2,12,0.01,0.006775,0
bmw_quark_copula_2,12,0.02,0.014435,0
bmw_quark_copula_2,12,0.03,0.02066,0
bmw_quark_copula_2,12,0.05,0.034973,1
bmw_quark_copula_2,12,0.07,0.046326,1
bmw_quark_copula_2,12,0.1,0.062439,1
bmw_quark_copula_2,12,0.15,0.078156,1
bmw_quark_copula_2,12,0.2,0.08136,1
bmw_quark_copula_2,12,0.3,0.058533,1
bmw_quark_copula_2,12,0.5,0.041412,1
bmw_quark_copula_4,28,0.0,0.0,0
bmw_quark_copula_4,28,0.01,0.011353,0
bmw_quark_copula_4,28,0.02,0.024628,0
bmw_quark_copula_4,28,0.03,0.037323,0
bmw_quark_copula_4,28,0.05,0.060455,1
bmw_quark_copula_4,28,0.07,0.085327,1
bmw_quark_copula_4,28,0.1,0.125092,1
bmw_quark_copula_4,28,0.15,0.202118,1
bmw_quark_copula_4,28,0.2,0.28653,1
bmw_quark_copula_4,28,0.3,0.438293,1
bmw_quark_copula_4,28,0.5,0.452271,1
bmw_quark_copula_6,48,0.0,0.0,0
bmw_quark_copula_6,48,0.01,0.021149,0
bmw_quark_copula_6,48,0.02,0.039551,0
bmw_quark_copula_6,48,0.03,0.05954,0
bmw_quark_copula_6,48,0.05,0.10144,1
bmw_quark_copula_6,48,0.07,0.138641,1
bmw_quark_copula_6,48,0.1,0.185028,1
bmw_quark_copula_6,48,0.15,0.248138,1
bmw_quark_copula_6,48,0.2,0.307495,1
bmw_quark_copula_6,48,0.3,0.391968,1
bmw_quark_copula_6,48,0.5,0.413574,1
bmw_quark_copula_8,72,0.0,0.0,0
bmw_quark_copula_8,72,0.01,0.024902,0
bmw_quark_copula_8,72,0.02,0.047485,0
bmw_quark_copula_8,72,0.03,0.068512,0
bmw_quark_copula_8,72,0.05,0.111908,0
bmw_quark_copula_8,72,0.07,0.155579,0
bmw_quark_copula_8,72,0.1,0.215424,1
bmw_quark_copula_8,72,0.15,0.301453,1
bmw_quark_copula_8,72,0.2,0.37262,1
bmw_quark_copula_8,72,0.3,0.463287,1
bmw_quark_copula_8,72,0.5,0.462189,1
cdkm_ripple_carry_adder_10,56,0.0,0.0,0
cdkm_ripple_carry_adder_10,56,0.01,0.003174,1
cdkm_ripple_carry_adder_10,56,0.02,0.012787,1
cdkm_ripple_carry_adder_10,56,0.03,0.028809,1
cdkm_ripple_carry_adder_10,56,0.05,0.077393,1
cdkm_ripple_carry_adder_10,56,0.07,0.146149,1
cdkm_ripple_carry_adder_10,56,0.1,0.276337,1
cdkm_ripple_carry_adder_10,56,0.15,0.519928,1
cdkm_ripple_carry_adder_10,56,0.2,0.733093,1
cdkm_ripple_carry_adder_10,56,0.3,0.954865,1
cdkm_ripple_carry_adder_10,56,0.5,0.999939,1
cdkm_ripple_carry_adder_12,70,0.0,0.0,0
cdkm_ripple_carry_adder_12,70,0.01,0.003967,1
cdkm_ripple_carry_adder_12,70,0.02,0.016388,1
cdkm_ripple_carry_adder_12,70,0.03,0.035126,1
cdkm_ripple_carry_adder_12,70,0.05,0.095123,1
cdkm_ripple_carry_adder_12,70,0.07,0.180542,1
cdkm_ripple_carry_adder_12,70,0.1,0.331665,1
cdkm_ripple_carry_adder_12,70,0.15,0.599915,1
cdkm_ripple_carry_adder_12,70,0.2,0.809204,1
cdkm_ripple_carry_adder_12,70,0.3,0.979004,1
cdkm_ripple_carry_adder_12,70,0.5,1.0,1
cdkm_ripple_carry_adder_4,14,0.0,0.0,0
cdkm_ripple_carry_adder_4,14,0.01,0.000946,0
cdkm_ripple_carry_adder_4,14,0.02,0.003174,1
cdkm_ripple_carry_adder_4,14,0.03,0.006866,1
cdkm_ripple_carry_adder_4,14,0.05,0.020294,1
cdkm_ripple_carry_adder_4,14,0.07,0.038666,1
cdkm_ripple_carry_adder_4,14,0.1,0.077789,1
cdkm_ripple_carry_adder_4,14,0.15,0.169067,1
cdkm_ripple_carry_adder_4,14,0.2,0.281586,1
cdkm_ripple_carry_adder_4,14,0.3,0.537598,1
cdkm_ripple_carry_adder_4,14,0.5,0.916718,1
cdkm_ripple_carry_adder_6,28,0.0,0.0,0
cdkm_ripple_carry_adder_6,28,0.01,0.00174,1
cdkm_ripple_carry_adder_6,28,0.02,0.006104,1
cdkm_ripple_carry_adder_6,28,0.03,0.014587,1
cdkm_ripple_carry_adder_6,28,0.05,0.039551,1
cdkm_ripple_carry_adder_6,28,0.07,0.075867,1
cdkm_ripple_carry_adder_6,28,0.1,0.149658,1
cdkm_ripple_carry_adder_6,28,0.15,0.306824,1
cdkm_ripple_carry_adder_6,28,0.2,0.483124,1
cdkm_ripple_carry_adder_6,28,0.3,0.786224,1
cdkm_ripple_carry_adder_6,28,0.5,0.993591,1
cdkm_ripple_carry_adder_8,42,0.0,0.0,0
cdkm_ripple_carry_adder_8,42,0.01,0.00238,1
cdkm_ripple_carry_adder_8,42,0.02,0.009766,1
cdkm_ripple_carry_adder_8,42,0.03,0.021423,1
cdkm_ripple_carry_adder_8,42,0.05,0.058472,1
cdkm_ripple_carry_adder_8,42,0.07,0.111206,1
cdkm_ripple_carry_adder_8,42,0.1,0.217377,1
cdkm_ripple_carry_adder_8,42,0.15,0.42276,1
cdkm_ripple_carry_adder_8,42,0.2,0.627563,1
cdkm_ripple_carry_adder_8,42,0.3,0.902161,1
cdkm_ripple_carry_adder_8,42,0.5,0.99939,1
draper_qft_adder_10,15,0.0,0.0,0
draper_qft_adder_10,15,0.01,0.0,0
draper_qft_adder_10,15,0.02,0.0,0
draper_qft_adder_10,15,0.03,0.0,0
draper_qft_adder_10,15,0.05,0.0,0
draper_qft_adder_10,15,0.07,0.0,0
draper_qft_adder_10,15,0.1,0.0,0
draper_qft_adder_10,15,0.15,0.0,0
draper_qft_adder_10,15,0.2,0.0,0
draper_qft_adder_10,15,0.3,0.0,0
draper_qft_adder_10,15,0.5,0.0,0
draper_qft_adder_12,21,0.0,0.0,0
draper_qft_adder_12,21,0.01,0.0,0
draper_qft_adder_12,21,0.02,0.0,0
draper_qft_adder_12,21,0.03,0.0,0
draper_qft_adder_12,21,0.05,0.0,0
draper_qft_adder_12,21,0.07,0.0,0
draper_qft_adder_12,21,0.1,0.0,0
draper_qft_adder_12,21,0.15,0.0,0
draper_qft_adder_12,21,0.2,0.0,0
draper_qft_adder_12,21,0.3,0.0,0
draper_qft_adder_12,21,0.5,0.0,0
draper_qft_adder_2,1,0.0,0.0,0
draper_qft_adder_2,1,0.01,0.0,0
draper_qft_adder_2,1,0.02,0.0,0
draper_qft_adder_2,1,0.03,0.0,0
draper_qft_adder_2,1,0.05,0.0,0
draper_qft_adder_2,1,0.07,0.0,0
draper_qft_adder_2,1,0.1,0.0,0
draper_qft_adder_2,1,0.15,0.0,0
draper_qft_adder_2,1,0.2,0.0,0
draper_qft_adder_2,1,0.3,0.0,0
draper_qft_adder_2,1,0.5,0.0,0
draper_qft_adder_4,3,0.0,0.0,0
draper_qft_adder_4,3,0.01,0.0,0
draper_qft_adder_4,3,0.02,0.0,0
draper_qft_adder_4,3,0.03,0.0,0
draper_qft_adder_4,3,0.05,0.0,0
draper_qft_adder_4,3,0.07,0.0,0
draper_qft_adder_4,3,0.1,0.0,0
draper_qft_adder_4,3,0.15,0.0,0
draper_qft_adder_4,3,0.2,0.0,0
draper_qft_adder_4,3,0.3,0.0,0
draper_qft_adder_4,3,0.5,0.0,0
draper_qft_adder_6,6,0.0,0.0,0
draper_qft_adder_6,6,0.01,0.0,0
draper_qft_adder_6,6,0.02,0.0,0
draper_qft_adder_6,6,0.03,0.0,0
draper_qft_adder_6,6,0.05,0.0,0
draper_qft_adder_6,6,0.07,0.0,0
draper_qft_adder_6,6,0.1,0.0,0
draper_qft_adder_6,6,0.15,0.0,0
draper_qft_adder_6,6,0.2,0.0,0
draper_qft_adder_6,6,0.3,0.0,0
draper_qft_adder_6,6,0.5,0.0,0
draper_qft_adder_8,10,0.0,0.0,0
draper_qft_adder_8,10,0.01,0.0,0
draper_qft_adder_8,10,0.02,0.0,0
draper_qft_adder_8,10,0.03,0.0,0
draper_qft_adder_8,10,0.05,0.0,0
draper_qft_adder_8,10,0.07,0.0,0
draper_qft_adder_8,10,0.1,0.0,0
draper_qft_adder_8,10,0.15,0.0,0
draper_qft_adder_8,10,0.2,0.0,0
draper_qft_adder_8,10,0.3,0.0,0
draper_qft_adder_8,10,0.5,0.0,0
full_adder_10,56,0.0,0.0,0
full_adder_10,56,0.01,0.003174,1
full_adder_10,56,0.02,0.012787,1
full_adder_10,56,0.03,0.028809,1
full_adder_10,56,0.05,0.077393,1
full_adder_10,56,0.07,0.146149,1
full_adder_10,56,0.1,0.276337,1
full_adder_10,56,0.15,0.519928,1
full_adder_10,56,0.2,0.733093,1
full_adder_10,56,0.3,0.954865,1
full_adder_10,56,0.5,0.999939,1
full_adder_12,70,0.0,0.0,0
full_adder_12,70,0.01,0.003967,1
full_adder_12,70,0.02,0.016388,1
full_adder_12,70,0.03,0.035126,1
full_adder_12,70,0.05,0.095123,1
full_adder_12,70,0.07,0.180542,1
full_adder_12,70,0.1,0.331665,1
full_adder_12,70,0.15,0.599915,1
full_adder_12,70,0.2,0.809204,1
full_adder_12,70,0.3,0.979004,1
full_adder_12,70,0.5,1.0,1
full_adder_4,14,0.0,0.0,0
full_adder_4,14,0.01,0.000946,0
full_adder_4,14,0.02,0.003174,1
full_adder_4,14,0.03,0.006866,1
full_adder_4,14,0.05,0.020294,1
full_adder_4,14,0.07,0.038666,1
full_adder_4,14,0.1,0.077789,1
full_adder_4,14,0.15,0.169067,1
full_adder_4,14,0.2,0.281586,1
full_adder_4,14,0.3,0.537598,1
full_adder_4,14,0.5,0.916718,1
full_adder_6,28,0.0,0.0,0
full_adder_6,28,0.01,0.00174,1
full_adder_6,28,0.02,0.006104,1
full_adder_6,28,0.03,0.014587,1
full_adder_6,28,0.05,0.039551,1
full_adder_6,28,0.07,0.075867,1
full_adder_6,28,0.1,0.149658,1
full_adder_6,28,0.15,0.306824,1
full_adder_6,28,0.2,0.483124,1
full_adder_6,28,0.3,0.786224,1
full_adder_6,28,0.5,0.993591,1
full_adder_8,42,0.0,0.0,0
full_adder_8,42,0.01,0.00238,1
full_adder_8,42,0.02,0.009766,1
full_adder_8,42,0.03,0.021423,1
full_adder_8,42,0.05,0.058472,1
full_adder_8,42,0.07,0.111206,1
full_adder_8,42,0.1,0.217377,1
full_adder_8,42,0.15,0.42276,1
full_adder_8,42,0.2,0.627563,1
full_adder_8,42,0.3,0.902161,1
full_adder_8,42,0.5,0.99939,1
grover_10,2618,0.0,0.0,0
grover_10,2618,0.01,0.15567,1
grover_10,2618,0.02,0.529938,1
grover_10,2618,0.03,0.882996,1
grover_10,2618,0.05,0.961945,1
grover_10,2618,0.07,0.968231,1
grover_10,2618,0.1,0.99707,1
grover_10,2618,0.15,0.998718,1
grover_10,2618,0.2,0.977814,1
grover_10,2618,0.3,0.9953,1
grover_10,2618,0.5,0.997803,1
grover_12,5670,0.0,0.0,0
grover_12,5670,0.01,0.509521,1
grover_12,5670,0.02,0.996094,1
grover_12,5670,0.03,0.903381,1
grover_12,5670,0.05,0.994751,1
grover_12,5670,0.07,0.995453,1
grover_12,5670,0.1,0.998413,1
grover_12,5670,0.15,0.99826,1
grover_12,5670,0.2,0.996429,1
grover_12,5670,0.3,0.999786,1
grover_12,5670,0.5,0.996826,1
grover_2,2,0.0,0.0,0
grover_2,2,0.01,3.1e-05,0
grover_2,2,0.02,6.1e-05,0
grover_2,2,0.03,0.000397,0
grover_2,2,0.05,0.001038,0
grover_2,2,0.07,0.002014,0
grover_2,2,0.1,0.004639,0
grover_2,2,0.15,0.010925,0
grover_2,2,0.2,0.019562,0
grover_2,2,0.3,0.043488,1
grover_2,2,0.5,0.113739,1
grover_3,6,0.0,0.0,0
grover_3,6,0.01,6.1e-05,0
grover_3,6,0.02,0.000275,0
grover_3,6,0.03,0.00058,0
grover_3,6,0.05,0.001343,1
grover_3,6,0.07,0.002411,1
grover_3,6,0.1,0.005402,1
grover_3,6,0.15,0.013153,1
grover_3,6,0.2,0.024078,1
grover_3,6,0.3,0.053894,1
grover_3,6,0.5,0.145782,1
grover_4,20,0.0,0.0,0
grover_4,20,0.01,3.1e-05,0
grover_4,20,0.02,9.2e-05,0
grover_4,20,0.03,0.000122,0
grover_4,20,0.05,0.000702,0
grover_4,20,0.07,0.001495,0
grover_4,20,0.1,0.002441,0
grover_4,20,0.15,0.006042,0
grover_4,20,0.2,0.009613,0
grover_4,20,0.3,0.019928,1
grover_4,20,0.5,0.047272,1
grover_5,87,0.0,0.0,0
grover_5,87,0.01,0.000763,0
grover_5,87,0.02,0.001801,0
grover_5,87,0.03,0.002991,0
grover_5,87,0.05,0.00705,0
grover_5,87,0.07,0.010345,0
grover_5,87,0.1,0.016602,0
grover_5,87,0.15,0.035278,1
grover_5,87,0.2,0.116791,1
grover_5,87,0.3,0.560211,1
grover_5,87,0.5,0.423615,1
grover_6,228,0.0,0.0,0
grover_6,228,0.01,0.001648,0
grover_6,228,0.02,0.007965,1
grover_6,228,0.03,0.019562,1
grover_6,228,0.05,0.055817,1
grover_6,228,0.07,0.108276,1
grover_6,228,0.1,0.244934,1
grover_6,228,0.15,0.579742,1
grover_6,228,0.2,0.80661,1
grover_6,228,0.3,0.893799,1
grover_6,228,0.5,0.967285,1
grover_8,1168,0.0,0.0,0
grover_8,1168,0.01,0.037231,1
grover_8,1168,0.02,0.147339,1
grover_8,1168,0.03,0.320496,1
grover_8,1168,0.05,0.820557,1
grover_8,1168,0.07,0.913239,1
grover_8,1168,0.1,0.955963,1
grover_8,1168,0.15,0.993927,1
grover_8,1168,0.2,0.959869,1
grover_8,1168,0.3,0.907928,1
grover_8,1168,0.5,0.989868,1
half_adder_3,7,0.0,0.0,0
half_adder_3,7,0.01,0.000549,0
half_adder_3,7,0.02,0.00174,1
half_adder_3,7,0.03,0.003723,1
half_adder_3,7,0.05,0.010071,1
half_adder_3,7,0.07,0.019775,1
half_adder_3,7,0.1,0.039703,1
half_adder_3,7,0.15,0.087921,1
half_adder_3,7,0.2,0.153107,1
half_adder_3,7,0.3,0.319336,1
half_adder_3,7,0.5,0.709686,1
half_adder_5,21,0.0,0.0,0
half_adder_5,21,0.01,0.001282,0
half_adder_5,21,0.02,0.004639,1
half_adder_5,21,0.03,0.010803,1
half_adder_5,21,0.05,0.029877,1
half_adder_5,21,0.07,0.057343,1
half_adder_5,21,0.1,0.113708,1
half_adder_5,21,0.15,0.242157,1
half_adder_5,21,0.2,0.388367,1
half_adder_5,21,0.3,0.68512,1
half_adder_5,21,0.5,0.9758,1
hhl_10,24,0.0,0.0,0
hhl_10,24,0.01,0.0,0
hhl_10,24,0.02,0.0,0
hhl_10,24,0.03,0.0,0
hhl_10,24,0.05,0.0,0
hhl_10,24,0.07,0.0,0
hhl_10,24,0.1,0.0,0
hhl_10,24,0.15,0.0,0
hhl_10,24,0.2,0.0,0
hhl_10,24,0.3,0.0,0
hhl_10,24,0.5,0.0,0
hhl_12,30,0.0,0.0,0
hhl_12,30,0.01,0.0,0
hhl_12,30,0.02,0.0,0
hhl_12,30,0.03,0.0,0
hhl_12,30,0.05,0.0,0
hhl_12,30,0.07,0.0,0
hhl_12,30,0.1,0.0,0
hhl_12,30,0.15,0.0,0
hhl_12,30,0.2,0.0,0
hhl_12,30,0.3,0.0,0
hhl_12,30,0.5,0.0,0
hhl_3,3,0.0,0.0,0
hhl_3,3,0.01,0.0,0
hhl_3,3,0.02,0.0,0
hhl_3,3,0.03,0.0,0
hhl_3,3,0.05,0.0,0
hhl_3,3,0.07,0.0,0
hhl_3,3,0.1,0.0,0
hhl_3,3,0.15,0.0,0
hhl_3,3,0.2,0.0,0
hhl_3,3,0.3,0.0,0
hhl_3,3,0.5,0.0,0
hhl_4,6,0.0,0.0,0
hhl_4,6,0.01,0.0,0
hhl_4,6,0.02,0.0,0
hhl_4,6,0.03,0.0,0
hhl_4,6,0.05,0.0,0
hhl_4,6,0.07,0.0,0
hhl_4,6,0.1,0.0,0
hhl_4,6,0.15,0.0,0
hhl_4,6,0.2,0.0,0
hhl_4,6,0.3,0.0,0
hhl_4,6,0.5,0.0,0
hhl_5,9,0.0,0.0,0
hhl_5,9,0.01,0.0,0
hhl_5,9,0.02,0.0,0
hhl_5,9,0.03,0.0,0
hhl_5,9,0.05,0.0,0
hhl_5,9,0.07,0.0,0
hhl_5,9,0.1,0.0,0
hhl_5,9,0.15,0.0,0
hhl_5,9,0.2,0.0,0
hhl_5,9,0.3,0.0,0
hhl_5,9,0.5,0.0,0
hhl_6,12,0.0,0.0,0
hhl_6,12,0.01,0.0,0
hhl_6,12,0.02,0.0,0
hhl_6,12,0.03,0.0,0
hhl_6,12,0.05,0.0,0
hhl_6,12,0.07,0.0,0
hhl_6,12,0.1,0.0,0
hhl_6,12,0.15,0.0,0
hhl_6,12,0.2,0.0,0
hhl_6,12,0.3,0.0,0
hhl_6,12,0.5,0.0,0
hhl_8,18,0.0,0.0,0
hhl_8,18,0.01,0.0,0
hhl_8,18,0.02,0.0,0
hhl_8,18,0.03,0.0,0
hhl_8,18,0.05,0.0,0
hhl_8,18,0.07,0.0,0
hhl_8,18,0.1,0.0,0
hhl_8,18,0.15,0.0,0
hhl_8,18,0.2,0.0,0
hhl_8,18,0.3,0.0,0
hhl_8,18,0.5,0.0,0
hrs_cumulative_multiplier_5,30,0.0,0.0,0
hrs_cumulative_multiplier_5,30,0.01,0.00174,1
hrs_cumulative_multiplier_5,30,0.02,0.006104,1
hrs_cumulative_multiplier_5,30,0.03,0.014557,1
hrs_cumulative_multiplier_5,30,0.05,0.039093,1
hrs_cumulative_multiplier_5,30,0.07,0.07486,1
hrs_cumulative_multiplier_5,30,0.1,0.144897,1
hrs_cumulative_multiplier_5,30,0.15,0.28537,1
hrs_cumulative_multiplier_5,30,0.2,0.416748,1
hrs_cumulative_multiplier_5,30,0.3,0.517517,1
hrs_cumulative_multiplier_5,30,0.5,0.075867,1
modular_adder_10,32,0.0,0.0,0
modular_adder_10,32,0.01,0.003174,1
modular_adder_10,32,0.02,0.012787,1
modular_adder_10,32,0.03,0.028809,1
modular_adder_10,32,0.05,0.077393,1
modular_adder_10,32,0.07,0.146149,1
modular_adder_10,32,0.1,0.276337,1
modular_adder_10,32,0.15,0.519928,1
modular_adder_10,32,0.2,0.733093,1
modular_adder_10,32,0.3,0.954865,1
modular_adder_10,32,0.5,0.999939,1
modular_adder_12,40,0.0,0.0,0
modular_adder_12,40,0.01,0.003967,1
modular_adder_12,40,0.02,0.016388,1
modular_adder_12,40,0.03,0.035126,1
modular_adder_12,40,0.05,0.095123,1
modular_adder_12,40,0.07,0.180542,1
modular_adder_12,40,0.1,0.331665,1
modular_adder_12,40,0.15,0.599915,1
modular_adder_12,40,0.2,0.809204,1
modular_adder_12,40,0.3,0.979004,1
modular_adder_12,40,0.5,1.0,1
modular_adder_4,8,0.0,0.0,0
modular_adder_4,8,0.01,0.000946,0
modular_adder_4,8,0.02,0.003174,1
modular_adder_4,8,0.03,0.006866,1
modular_adder_4,8,0.05,0.020294,1
modular_adder_4,8,0.07,0.038666,1
modular_adder_4,8,0.1,0.077789,1
modular_adder_4,8,0.15,0.169067,1
modular_adder_4,8,0.2,0.281586,1
modular_adder_4,8,0.3,0.537598,1
modular_adder_4,8,0.5,0.916718,1
modular_adder_6,16,0.0,0.0,0
modular_adder_6,16,0.01,0.00174,1
modular_adder_6,16,0.02,0.006104,1
modular_adder_6,16,0.03,0.014587,1
modular_adder_6,16,0.05,0.039551,1
modular_adder_6,16,0.07,0.075867,1
modular_adder_6,16,0.1,0.149658,1
modular_adder_6,16,0.15,0.306824,1
modular_adder_6,16,0.2,0.483124,1
modular_adder_6,16,0.3,0.786224,1
modular_adder_6,16,0.5,0.993591,1
modular_adder_8,24,0.0,0.0,0
modular_adder_8,24,0.01,0.00238,1
modular_adder_8,24,0.02,0.009766,1
modular_adder_8,24,0.03,0.021423,1
modular_adder_8,24,0.05,0.058472,1
modular_adder_8,24,0.07,0.111206,1
modular_adder_8,24,0.1,0.217377,1
modular_adder_8,24,0.15,0.42276,1
modular_adder_8,24,0.2,0.627563,1
modular_adder_8,24,0.3,0.902161,1
modular_adder_8,24,0.5,0.99939,1
multiplier_12,354,0.0,0.0,0
multiplier_12,354,0.01,0.179688,1
multiplier_12,354,0.02,0.549713,1
multiplier_12,354,0.03,0.842285,1
multiplier_12,354,0.05,0.997314,1
multiplier_12,354,0.07,1.0,1
multiplier_12,354,0.1,1.0,1
multiplier_12,354,0.15,0.704346,1
multiplier_12,354,0.2,0.730957,1
multiplier_12,354,0.3,0.996307,1
multiplier_12,354,0.5,0.673859,1
multiplier_4,14,0.0,0.0,0
multiplier_4,14,0.01,0.000946,0
multiplier_4,14,0.02,0.003174,1
multiplier_4,14,0.03,0.006866,1
multiplier_4,14,0.05,0.020294,1
multiplier_4,14,0.07,0.038666,1
multiplier_4,14,0.1,0.077789,1
multiplier_4,14,0.15,0.169067,1
multiplier_4,14,0.2,0.281586,1
multiplier_4,14,0.3,0.537598,1
multiplier_4,14,0.5,0.916718,1
multiplier_8,108,0.0,0.0,0
multiplier_8,108,0.01,0.025513,1
multiplier_8,108,0.02,0.097321,1
multiplier_8,108,0.03,0.210236,1
multiplier_8,108,0.05,0.483124,1
multiplier_8,108,0.07,0.73584,1
multiplier_8,108,0.1,0.945709,1
multiplier_8,108,0.15,0.999664,1
multiplier_8,108,0.2,1.0,1
multiplier_8,108,0.3,0.914276,1
multiplier_8,108,0.5,0.96701,1
qaoa_10,72,0.0,0.0,0
qaoa_10,72,0.01,0.074036,0
qaoa_10,72,0.02,0.093048,0
qaoa_10,72,0.03,0.105438,1
qaoa_10,72,0.05,0.136719,1
qaoa_10,72,0.07,0.176178,1
qaoa_10,72,0.1,0.248474,1
qaoa_10,72,0.15,0.366516,1
qaoa_10,72,0.2,0.46347,1
qaoa_10,72,0.3,0.580444,1
qaoa_10,72,0.5,0.476288,1
qaoa_12,96,0.0,0.0,0
qaoa_12,96,0.01,0.154694,1
qaoa_12,96,0.02,0.165619,1
qaoa_12,96,0.03,0.174042,1
qaoa_12,96,0.05,0.208527,1
qaoa_12,96,0.07,0.245728,1
qaoa_12,96,0.1,0.309479,1
qaoa_12,96,0.15,0.423096,1
qaoa_12,96,0.2,0.518372,1
qaoa_12,96,0.3,0.630981,1
qaoa_12,96,0.5,0.52124,1
qaoa_2,6,0.0,0.0,0
qaoa_2,6,0.01,0.004456,0
qaoa_2,6,0.02,0.009186,0
qaoa_2,6,0.03,0.014374,0
qaoa_2,6,0.05,0.024963,1
qaoa_2,6,0.07,0.03653,1
qaoa_2,6,0.1,0.055908,1
qaoa_2,6,0.15,0.092865,1
qaoa_2,6,0.2,0.131683,1
qaoa_2,6,0.3,0.210602,1
qaoa_2,6,0.5,0.331116,1
qaoa_3,10,0.0,0.0,0
qaoa_3,10,0.01,0.009064,0
qaoa_3,10,0.02,0.018127,0
qaoa_3,10,0.03,0.025818,0
qaoa_3,10,0.05,0.041992,1
qaoa_3,10,0.07,0.056488,1
qaoa_3,10,0.1,0.076874,1
qaoa_3,10,0.15,0.108826,1
qaoa_3,10,0.2,0.13681,1
qaoa_3,10,0.3,0.17569,1
qaoa_3,10,0.5,0.198792,1
qaoa_4,12,0.0,0.0,0
qaoa_4,12,0.01,0.008881,0
qaoa_4,12,0.02,0.017944,0
qaoa_4,12,0.03,0.02652,0
qaoa_4,12,0.05,0.041077,0
qaoa_4,12,0.07,0.056091,1
qaoa_4,12,0.1,0.077881,1
qaoa_4,12,0.15,0.110229,1
qaoa_4,12,0.2,0.13623,1
qaoa_4,12,0.3,0.178925,1
qaoa_4,12,0.5,0.201416,1
qaoa_5,22,0.0,0.0,0
qaoa_5,22,0.01,0.019348,0
qaoa_5,22,0.02,0.036774,0
qaoa_5,22,0.03,0.056244,0
qaoa_5,22,0.05,0.092621,1
qaoa_5,22,0.07,0.134827,1
qaoa_5,22,0.1,0.193451,1
qaoa_5,22,0.15,0.296051,1
qaoa_5,22,0.2,0.382965,1
qaoa_5,22,0.3,0.48703,1
qaoa_5,22,0.5,0.439697,1
qaoa_6,26,0.0,0.0,0
qaoa_6,26,0.01,0.020538,0
qaoa_6,26,0.02,0.038452,0
qaoa_6,26,0.03,0.056122,0
qaoa_6,26,0.05,0.093109,0
qaoa_6,26,0.07,0.129181,1
qaoa_6,26,0.1,0.177979,1
qaoa_6,26,0.15,0.252533,1
qaoa_6,26,0.2,0.309875,1
qaoa_6,26,0.3,0.372314,1
qaoa_6,26,0.5,0.363556,1
qaoa_8,44,0.0,0.0,0
qaoa_8,44,0.01,0.03595,0
qaoa_8,44,0.02,0.053833,0
qaoa_8,44,0.03,0.0737,0
qaoa_8,44,0.05,0.114197,0
qaoa_8,44,0.07,0.148682,0
qaoa_8,44,0.1,0.210175,1
qaoa_8,44,0.15,0.312225,1
qaoa_8,44,0.2,0.39978,1
qaoa_8,44,0.3,0.50061,1
qaoa_8,44,0.5,0.416168,1
qft_10,45,0.0,0.0,0
qft_10,45,0.01,0.0,0
qft_10,45,0.02,0.0,0
qft_10,45,0.03,0.0,0
qft_10,45,0.05,0.0,0
qft_10,45,0.07,0.0,0
qft_10,45,0.1,0.0,0
qft_10,45,0.15,0.0,0
qft_10,45,0.2,0.0,0
qft_10,45,0.3,0.0,0
qft_10,45,0.5,0.0,0
qft_12,66,0.0,0.0,0
qft_12,66,0.01,0.0,0
qft_12,66,0.02,0.0,0
qft_12,66,0.03,0.0,0
qft_12,66,0.05,0.0,0
qft_12,66,0.07,0.0,0
qft_12,66,0.1,0.0,0
qft_12,66,0.15,0.0,0
qft_12,66,0.2,0.0,0
qft_12,66,0.3,0.0,0
qft_12,66,0.5,0.0,0
qft_2,1,0.0,0.0,0
qft_2,1,0.01,0.0,0
qft_2,1,0.02,0.0,0
qft_2,1,0.03,0.0,0
qft_2,1,0.05,0.0,0
qft_2,1,0.07,0.0,0
qft_2,1,0.1,0.0,0
qft_2,1,0.15,0.0,0
qft_2,1,0.2,0.0,0
qft_2,1,0.3,0.0,0
qft_2,1,0.5,0.0,0
qft_3,3,0.0,0.0,0
qft_3,3,0.01,0.0,0
qft_3,3,0.02,0.0,0
qft_3,3,0.03,0.0,0
qft_3,3,0.05,0.0,0
qft_3,3,0.07,0.0,0
qft_3,3,0.1,0.0,0
qft_3,3,0.15,0.0,0
qft_3,3,0.2,0.0,0
qft_3,3,0.3,0.0,0
qft_3,3,0.5,0.0,0
qft_4,6,0.0,0.0,0
qft_4,6,0.01,0.0,0
qft_4,6,0.02,0.0,0
qft_4,6,0.03,0.0,0
qft_4,6,0.05,0.0,0
qft_4,6,0.07,0.0,0
qft_4,6,0.1,0.0,0
qft_4,6,0.15,0.0,0
qft_4,6,0.2,0.0,0
qft_4,6,0.3,0.0,0
qft_4,6,0.5,0.0,0
qft_5,10,0.0,0.0,0
qft_5,10,0.01,0.0,0
qft_5,10,0.02,0.0,0
qft_5,10,0.03,0.0,0
qft_5,10,0.05,0.0,0
qft_5,10,0.07,0.0,0
qft_5,10,0.1,0.0,0
qft_5,10,0.15,0.0,0
qft_5,10,0.2,0.0,0
qft_5,10,0.3,0.0,0
qft_5,10,0.5,0.0,0
qft_6,15,0.0,0.0,0
qft_6,15,0.01,0.0,0
qft_6,15,0.02,0.0,0
qft_6,15,0.03,0.0,0
qft_6,15,0.05,0.0,0
qft_6,15,0.07,0.0,0
qft_6,15,0.1,0.0,0
qft_6,15,0.15,0.0,0
qft_6,15,0.2,0.0,0
qft_6,15,0.3,0.0,0
qft_6,15,0.5,0.0,0
qft_8,28,0.0,0.0,0
qft_8,28,0.01,0.0,0
qft_8,28,0.02,0.0,0
qft_8,28,0.03,0.0,0
qft_8,28,0.05,0.0,0
qft_8,28,0.07,0.0,0
qft_8,28,0.1,0.0,0
qft_8,28,0.15,0.0,0
qft_8,28,0.2,0.0,0
qft_8,28,0.3,0.0,0
qft_8,28,0.5,0.0,0
qftentangled_10,45,0.0,0.0,0
qftentangled_10,45,0.01,0.109314,0
qftentangled_10,45,0.02,0.165741,1
qftentangled_10,45,0.03,0.228027,1
qftentangled_10,45,0.05,0.345062,1
qftentangled_10,45,0.07,0.442383,1
qftentangled_10,45,0.1,0.528748,1
qftentangled_10,45,0.15,0.519012,1
qftentangled_10,45,0.2,0.430664,1
qftentangled_10,45,0.3,0.416595,1
qftentangled_10,45,0.5,0.419189,1
qftentangled_12,66,0.0,0.0,0
qftentangled_12,66,0.01,0.203857,1
qftentangled_12,66,0.02,0.271271,1
qftentangled_12,66,0.03,0.347168,1
qftentangled_12,66,0.05,0.483124,1
qftentangled_12,66,0.07,0.561554,1
qftentangled_12,66,0.1,0.563049,1
qftentangled_12,66,0.15,0.439423,1
qftentangled_12,66,0.2,0.437531,1
qftentangled_12,66,0.3,0.448364,1
qftentangled_12,66,0.5,0.454468,1
qftentangled_2,1,0.0,0.0,0
qftentangled_2,1,0.01,0.002106,0
qftentangled_2,1,0.02,0.004425,0
qftentangled_2,1,0.03,0.00705,0
qftentangled_2,1,0.05,0.011719,0
qftentangled_2,1,0.07,0.017059,0
qftentangled_2,1,0.1,0.024292,1
qftentangled_2,1,0.15,0.036407,1
qftentangled_2,1,0.2,0.049377,1
qftentangled_2,1,0.3,0.073944,1
qftentangled_2,1,0.5,0.121429,1
qftentangled_3,3,0.0,0.0,0
qftentangled_3,3,0.01,0.006226,0
qftentangled_3,3,0.02,0.010895,0
qftentangled_3,3,0.03,0.016357,0
qftentangled_3,3,0.05,0.027374,0
qftentangled_3,3,0.07,0.039062,1
qftentangled_3,3,0.1,0.056702,1
qftentangled_3,3,0.15,0.085083,1
qftentangled_3,3,0.2,0.114471,1
qftentangled_3,3,0.3,0.170563,1
qftentangled_3,3,0.5,0.262482,1
qftentangled_4,6,0.0,0.0,0
qftentangled_4,6,0.01,0.010223,0
qftentangled_4,6,0.02,0.02063,0
qftentangled_4,6,0.03,0.031769,0
qftentangled_4,6,0.05,0.054504,1
qftentangled_4,6,0.07,0.075928,1
qftentangled_4,6,0.1,0.107025,1
qftentangled_4,6,0.15,0.15863,1
qftentangled_4,6,0.2,0.206116,1
qftentangled_4,6,0.3,0.288696,1
qftentangled_4,6,0.5,0.371277,1
qftentangled_5,10,0.0,0.0,0
qftentangled_5,10,0.01,0.017944,0
qftentangled_5,10,0.02,0.033173,0
qftentangled_5,10,0.03,0.050537,0
qftentangled_5,10,0.05,0.086548,1
qftentangled_5,10,0.07,0.119659,1
qftentangled_5,10,0.1,0.168213,1
qftentangled_5,10,0.15,0.241089,1
qftentangled_5,10,0.2,0.307587,1
qftentangled_5,10,0.3,0.38916,1
qftentangled_5,10,0.5,0.449463,1
qftentangled_6,15,0.0,0.0,0
qftentangled_6,15,0.01,0.027344,0
qftentangled_6,15,0.02,0.050507,0
qftentangled_6,15,0.03,0.075287,0
qftentangled_6,15,0.05,0.125702,1
qftentangled_6,15,0.07,0.172119,1
qftentangled_6,15,0.1,0.237518,1
qftentangled_6,15,0.15,0.334747,1
qftentangled_6,15,0.2,0.404541,1
qftentangled_6,15,0.3,0.479523,1
qftentangled_6,15,0.5,0.419189,1
qftentangled_8,28,0.0,0.0,0
qftentangled_8,28,0.01,0.056488,0
qftentangled_8,28,0.02,0.096191,0
qftentangled_8,28,0.03,0.139435,0
qftentangled_8,28,0.05,0.222565,1
qftentangled_8,28,0.07,0.300415,1
qftentangled_8,28,0.1,0.397308,1
qftentangled_8,28,0.15,0.500122,1
qftentangled_8,28,0.2,0.517578,1
qftentangled_8,28,0.3,0.425995,1
qftentangled_8,28,0.5,0.413696,1
qnn_10,40,0.0,0.0,0
qnn_10,40,0.01,0.046967,0
qnn_10,40,0.02,0.059235,0
qnn_10,40,0.03,0.071747,0
qnn_10,40,0.05,0.101166,1
qnn_10,40,0.07,0.135376,1
qnn_10,40,0.1,0.183502,1
qnn_10,40,0.15,0.273041,1
qnn_10,40,0.2,0.358856,1
qnn_10,40,0.3,0.510071,1
qnn_10,40,0.5,0.740509,1
qnn_12,48,0.0,0.0,0
qnn_12,48,0.01,0.08844,1
qnn_12,48,0.02,0.100494,1
qnn_12,48,0.03,0.11557,1
qnn_12,48,0.05,0.142395,1
qnn_12,48,0.07,0.170563,1
qnn_12,48,0.1,0.226715,1
qnn_12,48,0.15,0.311615,1
qnn_12,48,0.2,0.398712,1
qnn_12,48,0.3,0.540497,1
qnn_12,48,0.5,0.726807,1
qnn_2,8,0.0,0.0,0
qnn_2,8,0.01,0.01123,0
qnn_2,8,0.02,0.022736,0
qnn_2,8,0.03,0.034332,1
qnn_2,8,0.05,0.058899,1
qnn_2,8,0.07,0.081726,1
qnn_2,8,0.1,0.113464,1
qnn_2,8,0.15,0.16568,1
qnn_2,8,0.2,0.214783,1
qnn_2,8,0.3,0.30484,1
qnn_2,8,0.5,0.418854,1
qnn_3,12,0.0,0.0,0
qnn_3,12,0.01,0.00412,0
qnn_3,12,0.02,0.008728,0
qnn_3,12,0.03,0.013153,0
qnn_3,12,0.05,0.021179,0
qnn_3,12,0.07,0.029785,1
qnn_3,12,0.1,0.040802,1
qnn_3,12,0.15,0.05777,1
qnn_3,12,0.2,0.071228,1
qnn_3,12,0.3,0.08725,1
qnn_3,12,0.5,0.132477,1
qnn_4,16,0.0,0.0,0
qnn_4,16,0.01,0.009918,0
qnn_4,16,0.02,0.018036,0
qnn_4,16,0.03,0.026154,0
qnn_4,16,0.05,0.040924,0
qnn_4,16,0.07,0.053467,0
qnn_4,16,0.1,0.076721,1
qnn_4,16,0.15,0.11441,1
qnn_4,16,0.2,0.151733,1
qnn_4,16,0.3,0.263275,1
qnn_4,16,0.5,0.514648,1
qnn_5,20,0.0,0.0,0
qnn_5,20,0.01,0.012268,0
qnn_5,20,0.02,0.026123,0
qnn_5,20,0.03,0.037567,0
qnn_5,20,0.05,0.06311,1
qnn_5,20,0.07,0.086761,1
qnn_5,20,0.1,0.128693,1
qnn_5,20,0.15,0.206146,1
qnn_5,20,0.2,0.28363,1
qnn_5,20,0.3,0.437317,1
qnn_5,20,0.5,0.653748,1
qnn_6,24,0.0,0.0,0
qnn_6,24,0.01,0.019928,0
qnn_6,24,0.02,0.033417,0
qnn_6,24,0.03,0.044861,0
qnn_6,24,0.05,0.071442,0
qnn_6,24,0.07,0.100189,1
qnn_6,24,0.1,0.139496,1
qnn_6,24,0.15,0.213837,1
qnn_6,24,0.2,0.282257,1
qnn_6,24,0.3,0.388245,1
qnn_6,24,0.5,0.538116,1
qnn_8,32,0.0,0.0,0
qnn_8,32,0.01,0.027802,0
qnn_8,32,0.02,0.036774,0
qnn_8,32,0.03,0.052063,0
qnn_8,32,0.05,0.078064,1
qnn_8,32,0.07,0.10556,1
qnn_8,32,0.1,0.147247,1
qnn_8,32,0.15,0.223175,1
qnn_8,32,0.2,0.292786,1
qnn_8,32,0.3,0.403748,1
qnn_8,32,0.5,0.557617,1
qpeexact_10,43,0.0,0.0,0
qpeexact_10,43,0.01,0.001129,0
qpeexact_10,43,0.02,0.003845,1
qpeexact_10,43,0.03,0.008118,1
qpeexact_10,43,0.05,0.024139,1
qpeexact_10,43,0.07,0.047363,1
qpeexact_10,43,0.1,0.094269,1
qpeexact_10,43,0.15,0.201385,1
qpeexact_10,43,0.2,0.333557,1
qpeexact_10,43,0.3,0.603424,1
qpeexact_10,43,0.5,0.934052,1
qpeexact_12,65,0.0,0.0,0
qpeexact_12,65,0.01,0.002197,1
qpeexact_12,65,0.02,0.008026,1
qpeexact_12,65,0.03,0.019135,1
qpeexact_12,65,0.05,0.053284,1
qpeexact_12,65,0.07,0.101593,1
qpeexact_12,65,0.1,0.196411,1
qpeexact_12,65,0.15,0.392944,1
qpeexact_12,65,0.2,0.591309,1
qpeexact_12,65,0.3,0.873199,1
qpeexact_12,65,0.5,0.998291,1
qpeexact_2,1,0.0,0.0,0
qpeexact_2,1,0.01,0.0,0
qpeexact_2,1,0.02,0.000122,0
qpeexact_2,1,0.03,0.000244,0
qpeexact_2,1,0.05,0.00061,0
qpeexact_2,1,0.07,0.001068,1
qpeexact_2,1,0.1,0.002106,1
qpeexact_2,1,0.15,0.004761,1
qpeexact_2,1,0.2,0.009399,1
qpeexact_2,1,0.3,0.021942,1
qpeexact_2,1,0.5,0.059174,1
qpeexact_3,2,0.0,0.0,0
qpeexact_3,2,0.01,0.0,0
qpeexact_3,2,0.02,0.000122,0
qpeexact_3,2,0.03,0.000244,0
qpeexact_3,2,0.05,0.00061,0
qpeexact_3,2,0.07,0.001068,1
qpeexact_3,2,0.1,0.002106,1
qpeexact_3,2,0.15,0.004761,1
qpeexact_3,2,0.2,0.009399,1
qpeexact_3,2,0.3,0.021942,1
qpeexact_3,2,0.5,0.059174,1
qpeexact_4,4,0.0,0.0,0
qpeexact_4,4,0.01,0.0,0
qpeexact_4,4,0.02,0.000122,0
qpeexact_4,4,0.03,0.000244,0
qpeexact_4,4,0.05,0.00061,0
qpeexact_4,4,0.07,0.001068,1
qpeexact_4,4,0.1,0.002106,1
qpeexact_4,4,0.15,0.004761,1
qpeexact_4,4,0.2,0.009399,1
qpeexact_4,4,0.3,0.021942,1
qpeexact_4,4,0.5,0.059174,1
qpeexact_5,10,0.0,0.0,0
qpeexact_5,10,0.01,0.000397,0
qpeexact_5,10,0.02,0.001373,0
qpeexact_5,10,0.03,0.002747,1
qpeexact_5,10,0.05,0.007263,1
qpeexact_5,10,0.07,0.014404,1
qpeexact_5,10,0.1,0.031006,1
qpeexact_5,10,0.15,0.070343,1
qpeexact_5,10,0.2,0.122162,1
qpeexact_5,10,0.3,0.256927,1
qpeexact_5,10,0.5,0.570679,1
qpeexact_6,14,0.0,0.0,0
qpeexact_6,14,0.01,0.000397,0
qpeexact_6,14,0.02,0.001373,0
qpeexact_6,14,0.03,0.002747,1
qpeexact_6,14,0.05,0.007263,1
qpeexact_6,14,0.07,0.014404,1
qpeexact_6,14,0.1,0.031006,1
qpeexact_6,14,0.15,0.070343,1
qpeexact_6,14,0.2,0.122162,1
qpeexact_6,14,0.3,0.256927,1
qpeexact_6,14,0.5,0.570679,1
qpeexact_8,28,0.0,0.0,0
qpeexact_8,28,0.01,0.001129,0
qpeexact_8,28,0.02,0.003845,1
qpeexact_8,28,0.03,0.008118,1
qpeexact_8,28,0.05,0.024139,1
qpeexact_8,28,0.07,0.047363,1
qpeexact_8,28,0.1,0.094269,1
qpeexact_8,28,0.15,0.201385,1
qpeexact_8,28,0.2,0.333557,1
qpeexact_8,28,0.3,0.603424,1
qpeexact_8,28,0.5,0.934052,1
qpeinexact_10,45,0.0,0.0,0
qpeinexact_10,45,0.01,0.021179,0
qpeinexact_10,45,0.02,0.038239,1
qpeinexact_10,45,0.03,0.054169,1
qpeinexact_10,45,0.05,0.086517,1
qpeinexact_10,45,0.07,0.120667,1
qpeinexact_10,45,0.1,0.169495,1
qpeinexact_10,45,0.15,0.279541,1
qpeinexact_10,45,0.2,0.437286,1
qpeinexact_10,45,0.3,0.737488,1
qpeinexact_10,45,0.5,0.97168,1
qpeinexact_12,66,0.0,0.0,0
qpeinexact_12,66,0.01,0.023438,0
qpeinexact_12,66,0.02,0.042542,1
qpeinexact_12,66,0.03,0.058655,1
qpeinexact_12,66,0.05,0.095551,1
qpeinexact_12,66,0.07,0.132263,1
qpeinexact_12,66,0.1,0.189636,1
qpeinexact_12,66,0.15,0.358734,1
qpeinexact_12,66,0.2,0.539032,1
qpeinexact_12,66,0.3,0.822998,1
qpeinexact_12,66,0.5,0.989532,1
qpeinexact_2,1,0.0,0.0,0
qpeinexact_2,1,0.01,0.004639,0
qpeinexact_2,1,0.02,0.009552,0
qpeinexact_2,1,0.03,0.014801,0
qpeinexact_2,1,0.05,0.024811,1
qpeinexact_2,1,0.07,0.035004,1
qpeinexact_2,1,0.1,0.0495,1
qpeinexact_2,1,0.15,0.073669,1
qpeinexact_2,1,0.2,0.098389,1
qpeinexact_2,1,0.3,0.14563,1
qpeinexact_2,1,0.5,0.239319,1
qpeinexact_3,3,0.0,0.0,0
qpeinexact_3,3,0.01,0.008026,0
qpeinexact_3,3,0.02,0.017242,0
qpeinexact_3,3,0.03,0.026276,0
qpeinexact_3,3,0.05,0.043915,1
qpeinexact_3,3,0.07,0.061127,1
qpeinexact_3,3,0.1,0.087585,1
qpeinexact_3,3,0.15,0.130585,1
qpeinexact_3,3,0.2,0.173523,1
qpeinexact_3,3,0.3,0.254486,1
qpeinexact_3,3,0.5,0.382812,1
qpeinexact_4,6,0.0,0.0,0
qpeinexact_4,6,0.01,0.011536,0
qpeinexact_4,6,0.02,0.0224,0
qpeinexact_4,6,0.03,0.033936,0
qpeinexact_4,6,0.05,0.055847,1
qpeinexact_4,6,0.07,0.076477,1
qpeinexact_4,6,0.1,0.108063,1
qpeinexact_4,6,0.15,0.157318,1
qpeinexact_4,6,0.2,0.203949,1
qpeinexact_4,6,0.3,0.274902,1
qpeinexact_4,6,0.5,0.360168,1
qpeinexact_5,10,0.0,0.0,0
qpeinexact_5,10,0.01,0.013733,0
qpeinexact_5,10,0.02,0.026794,0
qpeinexact_5,10,0.03,0.039093,0
qpeinexact_5,10,0.05,0.06366,1
qpeinexact_5,10,0.07,0.086273,1
qpeinexact_5,10,0.1,0.121887,1
qpeinexact_5,10,0.15,0.17276,1
qpeinexact_5,10,0.2,0.216949,1
qpeinexact_5,10,0.3,0.292511,1
qpeinexact_5,10,0.5,0.391876,1
qpeinexact_6,15,0.0,0.0,0
qpeinexact_6,15,0.01,0.016876,0
qpeinexact_6,15,0.02,0.034241,0
qpeinexact_6,15,0.03,0.050934,0
qpeinexact_6,15,0.05,0.08252,1
qpeinexact_6,15,0.07,0.116974,1
qpeinexact_6,15,0.1,0.164001,1
qpeinexact_6,15,0.15,0.239838,1
qpeinexact_6,15,0.2,0.30899,1
qpeinexact_6,15,0.3,0.427216,1
qpeinexact_6,15,0.5,0.789246,1
qpeinexact_8,28,0.0,0.0,0
qpeinexact_8,28,0.01,0.02124,0
qpeinexact_8,28,0.02,0.04007,1
qpeinexact_8,28,0.03,0.058777,1
qpeinexact_8,28,0.05,0.094482,1
qpeinexact_8,28,0.07,0.133881,1
qpeinexact_8,28,0.1,0.192719,1
qpeinexact_8,28,0.15,0.342163,1
qpeinexact_8,28,0.2,0.520569,1
qpeinexact_8,28,0.3,0.804596,1
qpeinexact_8,28,0.5,0.967773,1
qwalk_10,144,0.0,0.0,0
qwalk_10,144,0.01,0.013611,1
qwalk_10,144,0.02,0.055237,1
qwalk_10,144,0.03,0.120789,1
qwalk_10,144,0.05,0.303406,1
qwalk_10,144,0.07,0.514801,1
qwalk_10,144,0.1,0.779724,1
qwalk_10,144,0.15,0.843842,1
qwalk_10,144,0.2,0.799805,1
qwalk_10,144,0.3,0.863312,1
qwalk_10,144,0.5,0.828796,1
qwalk_12,144,0.0,0.0,0
qwalk_12,144,0.01,0.013611,1
qwalk_12,144,0.02,0.055237,1
qwalk_12,144,0.03,0.120789,1
qwalk_12,144,0.05,0.303406,1
qwalk_12,144,0.07,0.514801,1
qwalk_12,144,0.1,0.779724,1
qwalk_12,144,0.15,0.843842,1
qwalk_12,144,0.2,0.799805,1
qwalk_12,144,0.3,0.863312,1
qwalk_12,144,0.5,0.828796,1
qwalk_3,42,0.0,0.0,0
qwalk_3,42,0.01,0.001648,1
qwalk_3,42,0.02,0.005646,1
qwalk_3,42,0.03,0.014038,1
qwalk_3,42,0.05,0.03952,1
qwalk_3,42,0.07,0.077362,1
qwalk_3,42,0.1,0.150818,1
qwalk_3,42,0.15,0.319794,1
qwalk_3,42,0.2,0.51236,1
qwalk_3,42,0.3,0.870117,1
qwalk_3,42,0.5,0.827301,1
qwalk_4,90,0.0,0.0,0
qwalk_4,90,0.01,0.002747,0
qwalk_4,90,0.02,0.011505,1
qwalk_4,90,0.03,0.025604,1
qwalk_4,90,0.05,0.06723,1
qwalk_4,90,0.07,0.130585,1
qwalk_4,90,0.1,0.2435,1
qwalk_4,90,0.15,0.45697,1
qwalk_4,90,0.2,0.639099,1
qwalk_4,90,0.3,0.770233,1
qwalk_4,90,0.5,0.768341,1
qwalk_5,144,0.0,0.0,0
qwalk_5,144,0.01,0.01889,1
qwalk_5,144,0.02,0.073547,1
qwalk_5,144,0.03,0.160217,1
qwalk_5,144,0.05,0.387512,1
qwalk_5,144,0.07,0.63266,1
qwalk_5,144,0.1,0.885315,1
qwalk_5,144,0.15,0.835724,1
qwalk_5,144,0.2,0.768585,1
qwalk_5,144,0.3,0.849915,1
qwalk_5,144,0.5,0.648895,1
qwalk_6,144,0.0,0.0,0
qwalk_6,144,0.01,0.013611,1
qwalk_6,144,0.02,0.055237,1
qwalk_6,144,0.03,0.120789,1
qwalk_6,144,0.05,0.303406,1
qwalk_6,144,0.07,0.514801,1
qwalk_6,144,0.1,0.779724,1
qwalk_6,144,0.15,0.843842,1
qwalk_6,144,0.2,0.799805,1
qwalk_6,144,0.3,0.863312,1
qwalk_6,144,0.5,0.828796,1
qwalk_8,144,0.0,0.0,0
qwalk_8,144,0.01,0.013611,1
qwalk_8,144,0.02,0.055237,1
qwalk_8,144,0.03,0.120789,1
qwalk_8,144,0.05,0.303406,1
qwalk_8,144,0.07,0.514801,1
qwalk_8,144,0.1,0.779724,1
qwalk_8,144,0.15,0.843842,1
qwalk_8,144,0.2,0.799805,1
qwalk_8,144,0.3,0.863312,1
qwalk_8,144,0.5,0.828796,1
randomcircuit_10,7,0.0,0.0,0
randomcircuit_10,7,0.01,0.011566,0
randomcircuit_10,7,0.02,0.018494,0
randomcircuit_10,7,0.03,0.026001,0
randomcircuit_10,7,0.05,0.040283,0
randomcircuit_10,7,0.07,0.054657,0
randomcircuit_10,7,0.1,0.074951,1
randomcircuit_10,7,0.15,0.107574,1
randomcircuit_10,7,0.2,0.14328,1
randomcircuit_10,7,0.3,0.205475,1
randomcircuit_10,7,0.5,0.31192,1
randomcircuit_12,9,0.0,0.0,0
randomcircuit_12,9,0.01,0.082611,0
randomcircuit_12,9,0.02,0.094788,0
randomcircuit_12,9,0.03,0.103302,0
randomcircuit_12,9,0.05,0.113647,1
randomcircuit_12,9,0.07,0.123383,1
randomcircuit_12,9,0.1,0.134796,1
randomcircuit_12,9,0.15,0.146942,1
randomcircuit_12,9,0.2,0.165863,1
randomcircuit_12,9,0.3,0.201172,1
randomcircuit_12,9,0.5,0.285065,1
randomcircuit_2,3,0.0,0.0,0
randomcircuit_2,3,0.01,0.002106,0
randomcircuit_2,3,0.02,0.004364,0
randomcircuit_2,3,0.03,0.006653,0
randomcircuit_2,3,0.05,0.010345,1
randomcircuit_2,3,0.07,0.014252,1
randomcircuit_2,3,0.1,0.019867,1
randomcircuit_2,3,0.15,0.028381,1
randomcircuit_2,3,0.2,0.036041,1
randomcircuit_2,3,0.3,0.046295,1
randomcircuit_2,3,0.5,0.080322,1
randomcircuit_3,2,0.0,0.0,0
randomcircuit_3,2,0.01,0.0,0
randomcircuit_3,2,0.02,0.0,0
randomcircuit_3,2,0.03,0.0,0
randomcircuit_3,2,0.05,0.0,0
randomcircuit_3,2,0.07,0.0,0
randomcircuit_3,2,0.1,0.0,0
randomcircuit_3,2,0.15,0.0,0
randomcircuit_3,2,0.2,0.0,0
randomcircuit_3,2,0.3,0.0,0
randomcircuit_3,2,0.5,0.0,0
randomcircuit_4,16,0.0,0.0,0
randomcircuit_4,16,0.01,0.021118,1
randomcircuit_4,16,0.02,0.044189,1
randomcircuit_4,16,0.03,0.069031,1
randomcircuit_4,16,0.05,0.124969,1
randomcircuit_4,16,0.07,0.187988,1
randomcircuit_4,16,0.1,0.291046,1
randomcircuit_4,16,0.15,0.478607,1
randomcircuit_4,16,0.2,0.651794,1
randomcircuit_4,16,0.3,0.862854,1
randomcircuit_4,16,0.5,0.487213,1
randomcircuit_5,3,0.0,0.0,0
randomcircuit_5,3,0.01,0.0,0
randomcircuit_5,3,0.02,0.0,0
randomcircuit_5,3,0.03,0.0,0
randomcircuit_5,3,0.05,0.0,0
randomcircuit_5,3,0.07,0.0,0
randomcircuit_5,3,0.1,0.0,0
randomcircuit_5,3,0.15,0.0,0
randomcircuit_5,3,0.2,0.0,0
randomcircuit_5,3,0.3,0.0,0
randomcircuit_5,3,0.5,0.0,0
randomcircuit_6,3,0.0,0.0,0
randomcircuit_6,3,0.01,0.0,0
randomcircuit_6,3,0.02,0.0,0
randomcircuit_6,3,0.03,0.0,0
randomcircuit_6,3,0.05,0.0,0
randomcircuit_6,3,0.07,0.0,0
randomcircuit_6,3,0.1,0.0,0
randomcircuit_6,3,0.15,0.0,0
randomcircuit_6,3,0.2,0.0,0
randomcircuit_6,3,0.3,0.0,0
randomcircuit_6,3,0.5,0.0,0
randomcircuit_8,4,0.0,0.0,0
randomcircuit_8,4,0.01,0.004211,0
randomcircuit_8,4,0.02,0.008209,0
randomcircuit_8,4,0.03,0.011719,0
randomcircuit_8,4,0.05,0.020538,0
randomcircuit_8,4,0.07,0.028015,0
randomcircuit_8,4,0.1,0.04187,0
randomcircuit_8,4,0.15,0.065308,0
randomcircuit_8,4,0.2,0.089874,1
randomcircuit_8,4,0.3,0.143799,1
randomcircuit_8,4,0.5,0.266968,1
rg_qft_multiplier_12,354,0.0,0.0,0
rg_qft_multiplier_12,354,0.01,0.179688,1
rg_qft_multiplier_12,354,0.02,0.549713,1
rg_qft_multiplier_12,354,0.03,0.842285,1
rg_qft_multiplier_12,354,0.05,0.997314,1
rg_qft_multiplier_12,354,0.07,1.0,1
rg_qft_multiplier_12,354,0.1,1.0,1
rg_qft_multiplier_12,354,0.15,0.704346,1
rg_qft_multiplier_12,354,0.2,0.730957,1
rg_qft_multiplier_12,354,0.3,0.996307,1
rg_qft_multiplier_12,354,0.5,0.673859,1
rg_qft_multiplier_4,14,0.0,0.0,0
rg_qft_multiplier_4,14,0.01,0.000946,0
rg_qft_multiplier_4,14,0.02,0.003174,1
rg_qft_multiplier_4,14,0.03,0.006866,1
rg_qft_multiplier_4,14,0.05,0.020294,1
rg_qft_multiplier_4,14,0.07,0.038666,1
rg_qft_multiplier_4,14,0.1,0.077789,1
rg_qft_multiplier_4,14,0.15,0.169067,1
rg_qft_multiplier_4,14,0.2,0.281586,1
rg_qft_multiplier_4,14,0.3,0.537598,1
rg_qft_multiplier_4,14,0.5,0.916718,1
rg_qft_multiplier_8,108,0.0,0.0,0
rg_qft_multiplier_8,108,0.01,0.025513,1
rg_qft_multiplier_8,108,0.02,0.097321,1
rg_qft_multiplier_8,108,0.03,0.210236,1
rg_qft_multiplier_8,108,0.05,0.483124,1
rg_qft_multiplier_8,108,0.07,0.73584,1
rg_qft_multiplier_8,108,0.1,0.945709,1
rg_qft_multiplier_8,108,0.15,0.999664,1
rg_qft_multiplier_8,108,0.2,1.0,1
rg_qft_multiplier_8,108,0.3,0.914276,1
rg_qft_multiplier_8,108,0.5,0.96701,1
vbe_ripple_carry_adder_10,70,0.0,0.0,0
vbe_ripple_carry_adder_10,70,0.01,0.00769,1
vbe_ripple_carry_adder_10,70,0.02,0.03183,1
vbe_ripple_carry_adder_10,70,0.03,0.069977,1
vbe_ripple_carry_adder_10,70,0.05,0.183868,1
vbe_ripple_carry_adder_10,70,0.07,0.328125,1
vbe_ripple_carry_adder_10,70,0.1,0.561462,1
vbe_ripple_carry_adder_10,70,0.15,0.85495,1
vbe_ripple_carry_adder_10,70,0.2,0.97345,1
vbe_ripple_carry_adder_10,70,0.3,1.0,1
vbe_ripple_carry_adder_10,70,0.5,0.999847,1
vbe_ripple_carry_adder_4,14,0.0,0.0,0
vbe_ripple_carry_adder_4,14,0.01,0.00174,1
vbe_ripple_carry_adder_4,14,0.02,0.006104,1
vbe_ripple_carry_adder_4,14,0.03,0.014618,1
vbe_ripple_carry_adder_4,14,0.05,0.039703,1
vbe_ripple_carry_adder_4,14,0.07,0.076996,1
vbe_ripple_carry_adder_4,14,0.1,0.153107,1
vbe_ripple_carry_adder_4,14,0.15,0.319336,1
vbe_ripple_carry_adder_4,14,0.2,0.516266,1
vbe_ripple_carry_adder_4,14,0.3,0.871338,1
vbe_ripple_carry_adder_4,14,0.5,0.828125,1
vqe_real_amp_10,40,0.0,0.0,0
vqe_real_amp_10,40,0.01,0.05661,0
vqe_real_amp_10,40,0.02,0.07373,1
vqe_real_amp_10,40,0.03,0.092072,1
vqe_real_amp_10,40,0.05,0.119171,1
vqe_real_amp_10,40,0.07,0.153778,1
vqe_real_amp_10,40,0.1,0.206635,1
vqe_real_amp_10,40,0.15,0.291901,1
vqe_real_amp_10,40,0.2,0.366638,1
vqe_real_amp_10,40,0.3,0.500458,1
vqe_real_amp_10,40,0.5,0.683014,1
vqe_real_amp_12,48,0.0,0.0,0
vqe_real_amp_12,48,0.01,0.098114,1
vqe_real_amp_12,48,0.02,0.113281,1
vqe_real_amp_12,48,0.03,0.129578,1
vqe_real_amp_12,48,0.05,0.165558,1
vqe_real_amp_12,48,0.07,0.208893,1
vqe_real_amp_12,48,0.1,0.27182,1
vqe_real_amp_12,48,0.15,0.378052,1
vqe_real_amp_12,48,0.2,0.475128,1
vqe_real_amp_12,48,0.3,0.622253,1
vqe_real_amp_12,48,0.5,0.797058,1
vqe_real_amp_2,8,0.0,0.0,0
vqe_real_amp_2,8,0.01,0.005127,0
vqe_real_amp_2,8,0.02,0.011444,0
vqe_real_amp_2,8,0.03,0.016907,1
vqe_real_amp_2,8,0.05,0.028534,1
vqe_real_amp_2,8,0.07,0.0401,1
vqe_real_amp_2,8,0.1,0.06015,1
vqe_real_amp_2,8,0.15,0.104767,1
vqe_real_amp_2,8,0.2,0.155975,1
vqe_real_amp_2,8,0.3,0.272064,1
vqe_real_amp_2,8,0.5,0.49231,1
vqe_real_amp_3,12,0.0,0.0,0
vqe_real_amp_3,12,0.01,0.006775,0
vqe_real_amp_3,12,0.02,0.013367,0
vqe_real_amp_3,12,0.03,0.019623,0
vqe_real_amp_3,12,0.05,0.030518,0
vqe_real_amp_3,12,0.07,0.042816,1
vqe_real_amp_3,12,0.1,0.058655,1
vqe_real_amp_3,12,0.15,0.08371,1
vqe_real_amp_3,12,0.2,0.107697,1
vqe_real_amp_3,12,0.3,0.14856,1
vqe_real_amp_3,12,0.5,0.217682,1
vqe_real_amp_4,16,0.0,0.0,0
vqe_real_amp_4,16,0.01,0.018616,0
vqe_real_amp_4,16,0.02,0.034454,0
vqe_real_amp_4,16,0.03,0.050323,0
vqe_real_amp_4,16,0.05,0.084015,1
vqe_real_amp_4,16,0.07,0.119446,1
vqe_real_amp_4,16,0.1,0.171936,1
vqe_real_amp_4,16,0.15,0.256592,1
vqe_real_amp_4,16,0.2,0.331451,1
vqe_real_amp_4,16,0.3,0.459747,1
vqe_real_amp_4,16,0.5,0.587158,1
vqe_real_amp_5,20,0.0,0.0,0
vqe_real_amp_5,20,0.01,0.016022,0
vqe_real_amp_5,20,0.02,0.029358,0
vqe_real_amp_5,20,0.03,0.043427,0
vqe_real_amp_5,20,0.05,0.068024,1
vqe_real_amp_5,20,0.07,0.094055,1
vqe_real_amp_5,20,0.1,0.134216,1
vqe_real_amp_5,20,0.15,0.194855,1
vqe_real_amp_5,20,0.2,0.257538,1
vqe_real_amp_5,20,0.3,0.36554,1
vqe_real_amp_5,20,0.5,0.584686,1
vqe_real_amp_6,24,0.0,0.0,0
vqe_real_amp_6,24,0.01,0.021301,0
vqe_real_amp_6,24,0.02,0.039825,0
vqe_real_amp_6,24,0.03,0.059509,0
vqe_real_amp_6,24,0.05,0.093994,0
vqe_real_amp_6,24,0.07,0.127045,1
vqe_real_amp_6,24,0.1,0.17514,1
vqe_real_amp_6,24,0.15,0.250275,1
vqe_real_amp_6,24,0.2,0.322968,1
vqe_real_amp_6,24,0.3,0.441589,1
vqe_real_amp_6,24,0.5,0.614044,1
vqe_real_amp_8,32,0.0,0.0,0
vqe_real_amp_8,32,0.01,0.03125,0
vqe_real_amp_8,32,0.02,0.046692,0
vqe_real_amp_8,32,0.03,0.060699,0
vqe_real_amp_8,32,0.05,0.092102,1
vqe_real_amp_8,32,0.07,0.126007,1
vqe_real_amp_8,32,0.1,0.174042,1
vqe_real_amp_8,32,0.15,0.251648,1
vqe_real_amp_8,32,0.2,0.33136,1
vqe_real_amp_8,32,0.3,0.471313,1
vqe_real_amp_8,32,0.5,0.680817,1
vqe_su2_10,80,0.0,0.0,0
vqe_su2_10,80,0.01,0.068085,0
vqe_su2_10,80,0.02,0.089996,0
vqe_su2_10,80,0.03,0.103577,1
vqe_su2_10,80,0.05,0.136871,1
vqe_su2_10,80,0.07,0.178223,1
vqe_su2_10,80,0.1,0.235199,1
vqe_su2_10,80,0.15,0.329315,1
vqe_su2_10,80,0.2,0.406769,1
vqe_su2_10,80,0.3,0.513702,1
vqe_su2_10,80,0.5,0.620422,1
vqe_su2_12,96,0.0,0.0,0
vqe_su2_12,96,0.01,0.148346,1
vqe_su2_12,96,0.02,0.157013,1
vqe_su2_12,96,0.03,0.169006,1
vqe_su2_12,96,0.05,0.194275,1
vqe_su2_12,96,0.07,0.2276,1
vqe_su2_12,96,0.1,0.279572,1
vqe_su2_12,96,0.15,0.36557,1
vqe_su2_12,96,0.2,0.444092,1
vqe_su2_12,96,0.3,0.544556,1
vqe_su2_12,96,0.5,0.626862,1
vqe_su2_2,16,0.0,0.0,0
vqe_su2_2,16,0.01,0.007904,0
vqe_su2_2,16,0.02,0.016357,0
vqe_su2_2,16,0.03,0.0242,0
vqe_su2_2,16,0.05,0.040039,1
vqe_su2_2,16,0.07,0.057739,1
vqe_su2_2,16,0.1,0.083344,1
vqe_su2_2,16,0.15,0.126221,1
vqe_su2_2,16,0.2,0.166351,1
vqe_su2_2,16,0.3,0.239166,1
vqe_su2_2,16,0.5,0.340637,1
vqe_su2_3,24,0.0,0.0,0
vqe_su2_3,24,0.01,0.01709,0
vqe_su2_3,24,0.02,0.03302,0
vqe_su2_3,24,0.03,0.049103,1
vqe_su2_3,24,0.05,0.077393,1
vqe_su2_3,24,0.07,0.10498,1
vqe_su2_3,24,0.1,0.140808,1
vqe_su2_3,24,0.15,0.189575,1
vqe_su2_3,24,0.2,0.227264,1
vqe_su2_3,24,0.3,0.267914,1
vqe_su2_3,24,0.5,0.353394,1
vqe_su2_4,32,0.0,0.0,0
vqe_su2_4,32,0.01,0.01178,0
vqe_su2_4,32,0.02,0.022461,0
vqe_su2_4,32,0.03,0.032898,0
vqe_su2_4,32,0.05,0.053894,0
vqe_su2_4,32,0.07,0.07312,1
vqe_su2_4,32,0.1,0.103577,1
vqe_su2_4,32,0.15,0.1633,1
vqe_su2_4,32,0.2,0.222351,1
vqe_su2_4,32,0.3,0.318939,1
vqe_su2_4,32,0.5,0.509918,1
vqe_su2_5,40,0.0,0.0,0
vqe_su2_5,40,0.01,0.019592,0
vqe_su2_5,40,0.02,0.039062,0
vqe_su2_5,40,0.03,0.054688,0
vqe_su2_5,40,0.05,0.088287,1
vqe_su2_5,40,0.07,0.121857,1
vqe_su2_5,40,0.1,0.173553,1
vqe_su2_5,40,0.15,0.246552,1
vqe_su2_5,40,0.2,0.300812,1
vqe_su2_5,40,0.3,0.380005,1
vqe_su2_5,40,0.5,0.538788,1
vqe_su2_6,48,0.0,0.0,0
vqe_su2_6,48,0.01,0.017212,0
vqe_su2_6,48,0.02,0.030853,0
vqe_su2_6,48,0.03,0.044769,0
vqe_su2_6,48,0.05,0.070374,0
vqe_su2_6,48,0.07,0.100159,1
vqe_su2_6,48,0.1,0.136169,1
vqe_su2_6,48,0.15,0.191925,1
vqe_su2_6,48,0.2,0.234314,1
vqe_su2_6,48,0.3,0.307007,1
vqe_su2_6,48,0.5,0.422516,1
vqe_su2_8,64,0.0,0.0,0
vqe_su2_8,64,0.01,0.035065,0
vqe_su2_8,64,0.02,0.052429,0
vqe_su2_8,64,0.03,0.06485,0
vqe_su2_8,64,0.05,0.095703,0
vqe_su2_8,64,0.07,0.127899,0
vqe_su2_8,64,0.1,0.173004,1
vqe_su2_8,64,0.15,0.24292,1
vqe_su2_8,64,0.2,0.306488,1
vqe_su2_8,64,0.3,0.406036,1
vqe_su2_8,64,0.5,0.499451,1
vqe_two_local_10,40,0.0,0.0,0
vqe_two_local_10,40,0.01,0.05661,0
vqe_two_local_10,40,0.02,0.07373,1
vqe_two_local_10,40,0.03,0.092072,1
vqe_two_local_10,40,0.05,0.119171,1
vqe_two_local_10,40,0.07,0.153778,1
vqe_two_local_10,40,0.1,0.206635,1
vqe_two_local_10,40,0.15,0.291901,1
vqe_two_local_10,40,0.2,0.366638,1
vqe_two_local_10,40,0.3,0.500458,1
vqe_two_local_10,40,0.5,0.683014,1
vqe_two_local_12,48,0.0,0.0,0
vqe_two_local_12,48,0.01,0.098114,1
vqe_two_local_12,48,0.02,0.113281,1
vqe_two_local_12,48,0.03,0.129578,1
vqe_two_local_12,48,0.05,0.165558,1
vqe_two_local_12,48,0.07,0.208893,1
vqe_two_local_12,48,0.1,0.27182,1
vqe_two_local_12,48,0.15,0.378052,1
vqe_two_local_12,48,0.2,0.475128,1
vqe_two_local_12,48,0.3,0.622253,1
vqe_two_local_12,48,0.5,0.797058,1
vqe_two_local_2,8,0.0,0.0,0
vqe_two_local_2,8,0.01,0.005127,0
vqe_two_local_2,8,0.02,0.011444,0
vqe_two_local_2,8,0.03,0.016907,1
vqe_two_local_2,8,0.05,0.028534,1
vqe_two_local_2,8,0.07,0.0401,1
vqe_two_local_2,8,0.1,0.06015,1
vqe_two_local_2,8,0.15,0.104767,1
vqe_two_local_2,8,0.2,0.155975,1
vqe_two_local_2,8,0.3,0.272064,1
vqe_two_local_2,8,0.5,0.49231,1
vqe_two_local_3,12,0.0,0.0,0
vqe_two_local_3,12,0.01,0.006775,0
vqe_two_local_3,12,0.02,0.013367,0
vqe_two_local_3,12,0.03,0.019623,0
vqe_two_local_3,12,0.05,0.030518,0
vqe_two_local_3,12,0.07,0.042816,1
vqe_two_local_3,12,0.1,0.058655,1
vqe_two_local_3,12,0.15,0.08371,1
vqe_two_local_3,12,0.2,0.107697,1
vqe_two_local_3,12,0.3,0.14856,1
vqe_two_local_3,12,0.5,0.217682,1
vqe_two_local_4,16,0.0,0.0,0
vqe_two_local_4,16,0.01,0.018616,0
vqe_two_local_4,16,0.02,0.034454,0
vqe_two_local_4,16,0.03,0.050323,0
vqe_two_local_4,16,0.05,0.084015,1
vqe_two_local_4,16,0.07,0.119446,1
vqe_two_local_4,16,0.1,0.171936,1
vqe_two_local_4,16,0.15,0.256592,1
vqe_two_local_4,16,0.2,0.331451,1
vqe_two_local_4,16,0.3,0.459747,1
vqe_two_local_4,16,0.5,0.587158,1
vqe_two_local_5,20,0.0,0.0,0
vqe_two_local_5,20,0.01,0.016022,0
vqe_two_local_5,20,0.02,0.029358,0
vqe_two_local_5,20,0.03,0.043427,0
vqe_two_local_5,20,0.05,0.068024,1
vqe_two_local_5,20,0.07,0.094055,1
vqe_two_local_5,20,0.1,0.134216,1
vqe_two_local_5,20,0.15,0.194855,1
vqe_two_local_5,20,0.2,0.257538,1
vqe_two_local_5,20,0.3,0.36554,1
vqe_two_local_5,20,0.5,0.584686,1
vqe_two_local_6,24,0.0,0.0,0
vqe_two_local_6,24,0.01,0.021301,0
vqe_two_local_6,24,0.02,0.039825,0
vqe_two_local_6,24,0.03,0.059509,0
vqe_two_local_6,24,0.05,0.093994,0
vqe_two_local_6,24,0.07,0.127045,1
vqe_two_local_6,24,0.1,0.17514,1
vqe_two_local_6,24,0.15,0.250275,1
vqe_two_local_6,24,0.2,0.322968,1
vqe_two_local_6,24,0.3,0.441589,1
vqe_two_local_6,24,0.5,0.614044,1
vqe_two_local_8,32,0.0,0.0,0
vqe_two_local_8,32,0.01,0.03125,0
vqe_two_local_8,32,0.02,0.046692,0
vqe_two_local_8,32,0.03,0.060699,0
vqe_two_local_8,32,0.05,0.092102,1
vqe_two_local_8,32,0.07,0.126007,1
vqe_two_local_8,32,0.1,0.174042,1
vqe_two_local_8,32,0.15,0.251648,1
vqe_two_local_8,32,0.2,0.33136,1
vqe_two_local_8,32,0.3,0.471313,1
vqe_two_local_8,32,0.5,0.680817,1
wstate_10,18,0.0,0.0,0
wstate_10,18,0.01,0.000244,0
wstate_10,18,0.02,0.001617,0
wstate_10,18,0.03,0.003448,0
wstate_10,18,0.05,0.009277,0
wstate_10,18,0.07,0.01767,1
wstate_10,18,0.1,0.035126,1
wstate_10,18,0.15,0.078369,1
wstate_10,18,0.2,0.13092,1
wstate_10,18,0.3,0.257812,1
wstate_10,18,0.5,0.502502,1
wstate_12,22,0.0,0.0,0
wstate_12,22,0.01,0.000397,0
wstate_12,22,0.02,0.001801,0
wstate_12,22,0.03,0.004364,0
wstate_12,22,0.05,0.011078,0
wstate_12,22,0.07,0.021027,1
wstate_12,22,0.1,0.043304,1
wstate_12,22,0.15,0.094696,1
wstate_12,22,0.2,0.15918,1
wstate_12,22,0.3,0.307648,1
wstate_12,22,0.5,0.575134,1
wstate_2,2,0.0,0.0,0
wstate_2,2,0.01,0.0,0
wstate_2,2,0.02,0.0,0
wstate_2,2,0.03,0.0,0
wstate_2,2,0.05,0.0,0
wstate_2,2,0.07,0.0,0
wstate_2,2,0.1,0.0,0
wstate_2,2,0.15,0.0,0
wstate_2,2,0.2,0.0,0
wstate_2,2,0.3,0.0,0
wstate_2,2,0.5,0.0,0
wstate_3,4,0.0,0.0,0
wstate_3,4,0.01,9.2e-05,0
wstate_3,4,0.02,0.000183,0
wstate_3,4,0.03,0.000397,0
wstate_3,4,0.05,0.001007,0
wstate_3,4,0.07,0.00174,0
wstate_3,4,0.1,0.003296,1
wstate_3,4,0.15,0.007019,1
wstate_3,4,0.2,0.013092,1
wstate_3,4,0.3,0.029419,1
wstate_3,4,0.5,0.077087,1
wstate_4,6,0.0,0.0,0
wstate_4,6,0.01,0.000122,0
wstate_4,6,0.02,0.000427,0
wstate_4,6,0.03,0.000854,0
wstate_4,6,0.05,0.001862,0
wstate_4,6,0.07,0.003601,0
wstate_4,6,0.1,0.006836,1
wstate_4,6,0.15,0.016571,1
wstate_4,6,0.2,0.029297,1
wstate_4,6,0.3,0.062622,1
wstate_4,6,0.5,0.157684,1
wstate_5,8,0.0,0.0,0
wstate_5,8,0.01,0.000153,0
wstate_5,8,0.02,0.000458,0
wstate_5,8,0.03,0.00116,0
wstate_5,8,0.05,0.002869,0
wstate_5,8,0.07,0.005524,0
wstate_5,8,0.1,0.011536,1
wstate_5,8,0.15,0.026428,1
wstate_5,8,0.2,0.046997,1
wstate_5,8,0.3,0.09906,1
wstate_5,8,0.5,0.234589,1
wstate_6,10,0.0,0.0,0
wstate_6,10,0.01,0.000122,0
wstate_6,10,0.02,0.000763,0
wstate_6,10,0.03,0.001648,0
wstate_6,10,0.05,0.004028,0
wstate_6,10,0.07,0.008026,1
wstate_6,10,0.1,0.015686,1
wstate_6,10,0.15,0.036774,1
wstate_6,10,0.2,0.062347,1
wstate_6,10,0.3,0.132324,1
wstate_6,10,0.5,0.304565,1
wstate_8,14,0.0,0.0,0
wstate_8,14,0.01,0.000275,0
wstate_8,14,0.02,0.00119,0
wstate_8,14,0.03,0.002136,0
wstate_8,14,0.05,0.006348,0
wstate_8,14,0.07,0.012299,1
wstate_8,14,0.1,0.025269,1
wstate_8,14,0.15,0.057617,1
wstate_8,14,0.2,0.097687,1
wstate_8,14,0.3,0.201538,1
wstate_8,14,0.5,0.421143,1
