url,repo,title,state,created,is_pr,comments,families,body_snippet
https://github.com/munich-quantum-toolkit/bench/pull/930,munich-quantum-toolkit/bench,✨  Add error correction module with Shor and Steane logical circuit transpilers,open,2026,True,8,"ancilla_uncompute,classical_remap,general_builder,input_permutation,qft_round_trip,register_shape","## Summary  This PR introduces a dedicated **Error Correction Module** for MQT Bench. It adds two high-level transpilers that encode standard benchmark circuits into fault-tolerant logical circuits "
https://github.com/qBraid/qBraid/pull/1203,qBraid/qBraid,Add openqasm3 to pyquil conversion (#1179),closed,2026,True,16,"classical_remap,general_builder,input_permutation,parameter_periodicity","## Summary Closes #1179. Adds `openqasm3_to_pyquil`, a direct transpiler conversion from OpenQASM 3 to pyQuil. Submitted for unitaryHACK 2026.  Implements the approach I proposed and that was appr"
https://github.com/microsoft/qdk-chemistry/pull/435,microsoft/qdk-chemistry,Implement sparse isometry with binary encoding,open,2026,True,2,"ancilla_uncompute,classical_remap,general_builder,input_permutation",
https://github.com/Qiskit/qiskit/pull/15974,Qiskit/qiskit,Extend litinski transformation for all Pauli rotations,closed,2026,True,6,"parameter_periodicity,qft_round_trip","<!-- ⚠️  If you do not respect this template, your pull request will be closed. ⚠️  Your pull request title should be short detailed and understandable for all. ⚠️  Also, please add a release note "
https://github.com/microsoft/qdk-chemistry/pull/468,microsoft/qdk-chemistry,Add block encoding algorithm,closed,2026,True,3,"ancilla_uncompute,general_builder,input_permutation","This PR adds LCU (Linear Combination of Unitaries) block encoding as a new Hamiltonian unitary building strategy.  ### New Components  - **`BlockEncodingBuilder`**: Creates a `BlockEncodingContain"
https://github.com/reality20/lapq-ecc/pull/2,reality20/lapq-ecc,Update from task 6d5283b2-bfe1-4e58-8cfa-27f24f9535e0,closed,2026,True,2,"ancilla_uncompute,classical_remap,parameter_periodicity",This PR was created by qwen-chat coder for task 6d5283b2-bfe1-4e58-8cfa-27f24f9535e0.  <!-- This is an auto-generated comment: release notes by coderabbit.ai -->  ## Summary by CodeRabbit  ## Release 
https://github.com/Jij-Inc/Qamomile/pull/413,Jij-Inc/Qamomile,"Redesign qmc.control API: drop index-spec form, add VectorView control + symbolic subset",closed,2026,True,2,"ancilla_uncompute,input_permutation,qft_round_trip","## Summary  - Redesigns the `qmc.control` API: deletes `IndexSpecControlledU` (and its emit / serialize / canonical hashing duplicate code paths), and replaces the legacy `target_indices=` / concrete "
https://github.com/microsoft/qdk-chemistry/pull/405,microsoft/qdk-chemistry,Add Hadamard test algorithm,closed,2026,True,2,"ancilla_uncompute,general_builder,input_permutation",
https://github.com/Qiskit/qiskit-ibm-runtime/pull/2903,Qiskit/qiskit-ibm-runtime,Add reset_2,open,2026,True,6,input_permutation,"### Summary  Added a class `MidCircuitReset` and updated the pass manager `ConvertToMidCircuitMeasure` to convert reset instructions to `reset_2`.  ### Details and comments  Part of #2840 and #2"
https://github.com/Qiskit/qiskit/pull/16337,Qiskit/qiskit,Fix `CommutationChecker` for controlled rotation gates,closed,2026,True,12,input_permutation,"<!--  * See https://github.com/Qiskit/qiskit/blob/main/CONTRIBUTING.md#pull-request-checklist  * Write a clear description here.  * Use ""Fix #15919"" to close issues. --> Close #16164  There is "
https://github.com/Qiskit/qiskit/pull/15921,Qiskit/qiskit,Fix CSPLayout to detect 3-or-more-qubit gates (fix #7155),open,2026,True,7,input_permutation,## Summary  CSPLayout was only checking 2-qubit gates (via `dag.two_qubit_ops()`) and ignoring gates with 3+ qubits like CCX. This caused the pass to incorrectly report 'solution found' for circuits w
https://github.com/Qiskit/qiskit-addon-slc/pull/45,Qiskit/qiskit-addon-slc,perf: reduce Pauli operation size for commutation check,closed,2026,True,5,classical_remap,"When checking whether a new circuit instruction commutes with an already encountered Pauli-rotation inside the light cone, we know how to reduce the size of the latter to only consider its action on t"
https://github.com/Qiskit/documentation/pull/4640,Qiskit/documentation, Separate out primitives,closed,2026,True,10,register_shape,"Addresses part of #4613   Executor changes have been moved to https://github.com/Qiskit/documentation/pull/5028  Changes are extensive. Files to review follow:  Files with totally new content: "
https://github.com/Qiskit/qiskit/pull/16362,Qiskit/qiskit,Fix serial_layers global phase copying,closed,2026,True,9,general_builder,"Fixes #16271  BasicSwap exposed this bug because it rebuilds its output DAG from serial layers. The accumulator DAG keeps the input global phase, and each layer yielded by serial_layers() was also car"
https://github.com/Qiskit/qiskit/issues/16164,Qiskit/qiskit,CommutationChecker yields false positives for CRZ and SWAP resulting in silent miscompilation,closed,2026,False,4,parameter_periodicity,### Environment  - **Qiskit version**: 2.4.1 - **Python version**: 3.13.13 - **Operating system**: MacOS   ### What is happening?  The CommutationChecker incorrectly evaluates the commutation relation
https://github.com/qiskit-community/qiskit-machine-learning/issues/1040,qiskit-community/qiskit-machine-learning,Unexpected results from SamplerQNN when using pre-transpiled circuits with non-trivial qubit layouts,closed,2026,False,4,ancilla_uncompute,### Environment  - **Qiskit Machine Learning version**: 0.8.4 **(also verified in 0.9.0 and main branch 1.0.0-dev — same code path)** - **Python version**:  3.12 - **Operating system**:  Google Colab 
https://github.com/munich-quantum-toolkit/core/pull/1665,munich-quantum-toolkit/core,✨ Add native gate synthesis MLIR pass and decomposition stack,open,2026,True,5,"input_permutation,parameter_periodicity","## Description  Introduces a `native-gate-synthesis` transform on QCO modules that lowers arbitrary supported unitaries to a comma-separated native gate menu, with scoring over two-qubit count, sing"
https://github.com/munich-quantum-toolkit/core/pull/1603,munich-quantum-toolkit/core,✨ Add power modifier to MLIR,open,2026,True,16,"input_permutation,parameter_periodicity","## Description Adds a power modifier (`pow`) to both MLIR-dialects `QC` and `QCO`. The power modifier raises an operation `U` by an integer/floating number `k` `pow(k) { U } == U^k` in other words t"
https://github.com/arniber21/quon/issues/1,arniber21/quon,PRD: Quon compiler — full 6-phase pipeline,open,2026,False,0,"general_builder,parameter_periodicity,qft_round_trip","## Problem Statement  Quantum programs today are written directly in low-level gate languages (OpenQASM, Qiskit circuits) with no static guarantees. There is no compiler that enforces the no-cloning t"
https://github.com/munich-quantum-toolkit/core/pull/1672,munich-quantum-toolkit/core,✨ Add QCO Euler synthesis and `fuse-single-qubit-unitary-runs` pass,closed,2026,True,41,"general_builder,parameter_periodicity","## Description - Consolidate Euler decomposition into `Euler.h` / `Euler.cpp` (angle extraction + `synthesizeUnitary1QEuler` IR emission), replacing the previous `EulerDecomposition` / `GateSequence`"
https://github.com/munich-quantum-toolkit/core/pull/1809,munich-quantum-toolkit/core,✨ Compose multi-gate unitary matrices in CtrlOp and InvOp bodies,closed,2026,True,15,"classical_remap,input_permutation","## Description  - Add shared `composeSingleQubitBodyMatrix` in `QCOUtils` to compose compile-time single-qubit unitaries inside modifier bodies (in program order). - Extend `CtrlOp::getUnitaryMatri"
https://github.com/microsoft/qdk-chemistry/pull/516,microsoft/qdk-chemistry,Add Verstraete-Cirac fermion-to-qubit encoding,closed,2026,True,17,"classical_remap,input_permutation","Closes #482  ## Overview  This PR adds a Verstraete-Cirac (VC) fermion-to-qubit encoder for 2D lattice Hamiltonians — a `build_vc_majorana_mapping` factory and a `VerstraeteCiracQubitMapper` tha"
https://github.com/munich-quantum-toolkit/predictor/pull/680,munich-quantum-toolkit/predictor,♻️ Refactor RL actions by SDK,open,2026,True,8,"general_builder,input_permutation","## Description  Restructures RL actions into SDK-specific modules for Qiskit, TKET, and BQSKit. Also moves the corresponding wrapper logic closer to each SDK action implementation and keeps compatib"
https://github.com/reality20/lapq-ecc/pull/1,reality20/lapq-ecc,Update from task 3b1fed72-d06f-4556-866b-9b2010a69a9a,closed,2026,True,5,"ancilla_uncompute,input_permutation",This PR was created by qwen-chat coder for task 3b1fed72-d06f-4556-866b-9b2010a69a9a.  <!-- This is an auto-generated comment: release notes by coderabbit.ai -->  ## Summary by CodeRabbit  * **New Fea
https://github.com/munich-quantum-toolkit/yaqs/pull/464,munich-quantum-toolkit/yaqs,improved Qiskit gate compatibility with matrix fallback,closed,2026,True,6,"classical_remap,general_builder","## Description  This PR extends the gates allowed in YAQS to the majority available within qiskit. If a gate is not known, but has a matrix representation in qiskit, then this is used as a fallback "
https://github.com/munich-quantum-toolkit/bench/pull/803,munich-quantum-toolkit/bench,✨ Implement Shor's 9 Qubit Code,closed,2026,True,7,"classical_remap,register_shape","## Description  Adds Shor's 9 Qubit Code as a benchmark  Fixes #790  ## Checklist:  - [x] The pull request only contains commits that are focused and relevant to this change. - [x] I have add"
https://github.com/munich-quantum-toolkit/core/pull/1555,munich-quantum-toolkit/core,📝 Getting Started With MLIR,open,2026,True,5,"ancilla_uncompute,general_builder","## Description  This pull request adds a ""Getting Started with MLIR"" tutorial to the ReadTheDocs documentation. Thus, resolves #1452.  ## Checklist:  <!--- This checklist serves as a reminder o"
https://github.com/Qiskit/qiskit/pull/16402,Qiskit/qiskit,Fix incorrect global phase shift for P and U1 gates in CommutativeCancellation,open,2026,True,3,parameter_periodicity,"### Summary  At `crates/transpiler/src/passes/commutation_cancellation.rs`, $\pi$ was incorrectly subtracted from the total phase if a Z-rotation gate accumulated to $2\pi$. While this is correct fo"
https://github.com/Qiskit/qiskit/issues/16168,Qiskit/qiskit,"MultiplierGate(1, 1).decompose() fails because its definition has the wrong number of qubits",closed,2026,False,3,qft_round_trip,### Environment  - **Qiskit version**: 2.4.1 - **Python version**: 3.13.13 - **Operating system**: macOS   ### What is happening?  `MultiplierGate` accepts `num_result_qubits` values in the documented
https://github.com/Qiskit/qiskit/pull/16298,Qiskit/qiskit,Refactor ProgramNode::call to flatten+call_flat+unflatten,closed,2026,True,3,general_builder,"This PR split the `ProgramNode` trait so implementations only define `call_flat(args: &[Tensor]) -> Result<Vec<Tensor>, _>` while a new `ProgramNodeExt` trait provides the DataTree-I/O `call(args: &Da"
https://github.com/Qiskit/qiskit/issues/16377,Qiskit/qiskit,`CommutativeCancellation` incorrectly adds spurious global phase to P/U1 gates accumulating to 2π,open,2026,False,2,parameter_periodicity,"### Environment  - **Qiskit version**: 2.4.1 - **Python version**: 3.13.13  - **Operating system**: macOS   ### What is happening?  When `transpiling` a circuit at `optimization_level=2` or `3`, the `"
https://github.com/Qiskit/qiskit/pull/16076,Qiskit/qiskit,Fix QPY loading delay integers durations incorrectly,closed,2026,True,2,classical_remap,This commit fixes an issue with parsing QPY payloads which have circuits that contain delays with duration of units dt. Durations of dt are integers and that is preserved in the QPY data. However our 
https://github.com/Qiskit/qiskit/pull/14981,Qiskit/qiskit,Add Statevector.from_circuit to mirror Operator.from_circuit,closed,2025,True,8,classical_remap,"<!-- ⚠️ If you do not respect this template, your pull request will be closed. ⚠️ Your pull request title should be short detailed and understandable for all. ⚠️ Also, please add a release note fil"
https://github.com/Qiskit/qiskit/issues/14678,Qiskit/qiskit,Add some method to tell HLS a qubit is clean after synthesis.,open,2025,False,12,ancilla_uncompute,### What should we add?  Note that this is already slightly talked about in https://github.com/Qiskit/qiskit/issues/14175. I've decided to open it as a different issue as it is tangential to the topic
https://github.com/Qiskit/qiskit/pull/14816,Qiskit/qiskit,Add Van rentergem modular adder (better CX counts),closed,2025,True,8,ancilla_uncompute,"This PR introduces a new ancilla-free modular adder that outperforms all existing implementations in terms of scaling. It is based on Figure 15 of [this paper](http://arxiv.org/abs/1706.07884).   Th"
https://github.com/qBraid/pyqasm/pull/316,qBraid/pyqasm,Optimize statevector simulator preprocessing,open,2026,True,3,"parameter_periodicity,qft_round_trip","## Summary  This PR targets `main` from the current `sv` branch work plus one additional commit that ports the honest, non-cache AlphaEvolve Run 06 statevector improvements.  It deliberately **doe"
https://github.com/pqcee/qiskit_quicscript_translator/pull/4,pqcee/qiskit_quicscript_translator,Bump qiskit from 1.2.2 to 1.4.2 in /examples/QFT,closed,2026,True,1,qft_round_trip,"Bumps [qiskit](https://github.com/Qiskit/qiskit) from 1.2.2 to 1.4.2. <details> <summary>Release notes</summary> <p><em>Sourced from <a href=""https://github.com/Qiskit/qiskit/releases"">qiskit's releas"
https://github.com/JuliaQUBO/QiskitOpt.jl/issues/46,JuliaQUBO/QiskitOpt.jl,Expose fixed-parameter QAOA circuit export,closed,2026,False,1,classical_remap,"## Summary  Expose a small, documented API for building or exporting a fixed-parameter QAOA circuit from a QUBO model and an explicit parameter vector.  ## Motivation  In `SECQUOIA/pse-quantum-discret"
https://github.com/Qiskit/qiskit-aer/issues/2410,Qiskit/qiskit-aer,"save_amplitudes fails for method=""matrix_product_state"" when qubit count exceeds 64 (wrong value or TypeError)",open,2026,False,1,ancilla_uncompute,### Informations  - **Qiskit Aer version**: 0.16.0 - **Python version**: 3.13.5 - **Operating system**: Windows-11-10.0.26200-SP0  ### What is the current behavior?  When using AerSimulator with `meth
https://github.com/oqtopus-team/tranqu/pull/62,oqtopus-team/tranqu,chore(deps): bump the python-dependencies group across 1 directory with 9 updates,closed,2026,True,2,"parameter_periodicity,qft_round_trip",Bumps the python-dependencies group with 9 updates in the / directory:  | Package | From | To | | --- | --- | --- | | [qiskit](https://github.com/Qiskit/qiskit) | `2.2.3` | `2.4.1` | | [qiskit-qasm3-i
https://github.com/microsoft/qdk-chemistry/pull/450,microsoft/qdk-chemistry,Add Windows build support with MSVC/clang-cl and vcpkg,closed,2026,True,2,"general_builder,input_permutation","Introduces experimental native Windows support for QDK/Chemistry. The project now builds and passes all tests on Windows with both **native MSVC `cl.exe`** and **`clang-cl`** (MSVC Build Tools), using"
https://github.com/munich-quantum-toolkit/qecc/pull/640,munich-quantum-toolkit/qecc,Encoding circuits,closed,2026,True,2,"ancilla_uncompute,classical_remap","## Description  This PR introduces major changes to encoding circuit (and by extension state preparation circuit) synthesis. Main features are:  - Unification of Encoding- and Stateprep circuit sy"
https://github.com/qBraid/qbraid-lab-demo/pull/60,qBraid/qbraid-lab-demo,Sdk 011 updates,closed,2026,True,2,"ancilla_uncompute,classical_remap","# Summary of changes  This PR reorganizes the qbraid-lab-demo repository with updated folder structure, API fixes for qBraid SDK 0.11.x, and general cleanup.  ##  Structural changes    - Renamed"
https://github.com/Ziadt160/qiskit-migration-assistant/pull/11,Ziadt160/qiskit-migration-assistant,feat(seed): curate Qiskit 2.1 circuit-library deprecations with verified replacements,closed,2026,True,0,qft_round_trip,Fixes the last residual from the GPT-4.1 opflow-VQE run: the model guessed a wrong import path for 2.1-deprecated ansatz classes (`from qiskit.circuit.library.efficient_su2 import efficient_su2` — no 
https://github.com/ferasshita/qiskit-certificate-practice/pull/1,ferasshita/qiskit-certificate-practice,Add GitHub Pages interactive MCQ practice site for IBM Quantum Developer certification,closed,2026,True,0,input_permutation,Static GitHub Pages site with 60 interactive MCQ questions across 3 sections for the IBM Certified Quantum Computation using Qiskit v2.X Developer – Associate exam.  ## Structure  - **`index.html`** —
https://github.com/Alice-Bob-SW/qiskit-qir/pull/4,Alice-Bob-SW/qiskit-qir,Qiskit 2.0 + pyqir 0.12 Migration,open,2026,True,0,classical_remap,"**Branch:** `feat/qiskit-2-migration`   **Base:** `main`   **Commits:** 8 (4 migration + 4 review fixes)   **Test result:** 348 passed, 2 skipped, 3 xfailed, 0 failures    ---  ## What this MR "
https://github.com/Qiskit/samplomatic/issues/376,Qiskit/samplomatic,Rework virtual gate propagation for MCMs,open,2026,False,0,general_builder,"## Description  With the release of 0.20.0, some circuits with MCMs that were previously buildable are no longer ``` from qiskit.circuit import QuantumCircuit from samplomatic import build, Twirl from"
https://github.com/Jij-Inc/Qamomile/pull/450,Jij-Inc/Qamomile,fix(expval): bind observable to the correct physical qubit for Vector-element operands,closed,2026,True,1,"ancilla_uncompute,qft_round_trip","## Summary  `qmc.expval(qubits, observable)` silently bound the observable to the wrong physical qubit when a qubit operand was a Vector element (e.g. `expval((anc_vec[0],), qm_o.Z(0))`). An ungated V"
https://github.com/Jij-Inc/Qamomile/pull/445,Jij-Inc/Qamomile,Add qmc inverse operation,closed,2026,True,1,"classical_remap,qft_round_trip","## Summary - Add `qmc.inverse` support for native gates, qkernel wrappers, controlled operations, loop bodies, and composite gate implementations. - Preserve native gate broadcast semantics while vali"
https://github.com/munich-quantum-toolkit/core/pull/1383,munich-quantum-toolkit/core,♻️ Replace `pybind11` with `nanobind`,closed,2025,True,4,"parameter_periodicity,register_shape","## Description  This PR fully replaces `pybind11` with `nanobind`. This change will allow us to ship stable ABI wheels, saving us PyPI space.   ## Checklist:  - [x] The pull request only contain"
https://github.com/Qiskit/qiskit/issues/14701,Qiskit/qiskit,Reduce confusion of `SparsePauliOp.from_sparse_list` strings with `Pauli.to_label()` strings?,open,2025,False,2,classical_remap,### Environment  - **Qiskit version**:  2.1.0 - **Python version**: 3.10 - **Operating system**: mac   ### What is happening?  The docs say that qiskit Pauli strings represent qubit 0 as the last elem
https://github.com/toolate28/QDI/pull/19,toolate28/QDI,"Add GitHub labels, coherence workflows, vortex synchronization, live visualization, and narrative verification for QDI ecosystem",closed,2026,True,10,parameter_periodicity,"## Create Missing GitHub Labels for Dependabot  - [x] Create `.github/labels.yml` configuration file with all required labels - [x] Add GitHub Action workflow to sync labels automatically - [x] Do"
https://github.com/samueljackson-collab/Portfolio-Project/pull/629,samueljackson-collab/Portfolio-Project,Claude/review GitHub projects llyce,closed,2026,True,8,parameter_periodicity,"## Summary Describe the change and its intent.  ## Checklist - [ ] Documentation updated (if applicable) - [ ] Tests added/updated (if applicable) - [ ] Security considerations reviewed (if appl"
https://github.com/NVIDIA/cuda-quantum/pull/4693,NVIDIA/cuda-quantum,[unitaryhack] Support unitary synthesis for 3+ qubit custom operations (QSD),closed,2026,True,22,parameter_periodicity,# [custom op] Support unitary synthesis for 3+ qubit operations (QSD)  Closes #2242  ## Summary  The `unitary-synthesis` optimization pass (`lib/Optimizer/Transforms/UnitarySynthesis.cpp`) decomposes 
https://github.com/munich-quantum-toolkit/bench/issues/924,munich-quantum-toolkit/bench,✨ Add expected noise-free outputs for circuits,open,2026,False,6,qft_round_trip,### Problem Statement  It would be really useful if MQT Bench circuits came with their expected noise-free results (an ideal state vector or output probability distribution) so that downstream users c
https://github.com/matulni/graphix-statevector-template/pull/1,matulni/graphix-statevector-template,New StateVector simulator backend based on cuQuantum for Graphix,closed,2026,True,10,qft_round_trip,"Closes TeamGraphix/graphix#496  for UnitaryHack 2026  Hello @matulni here is the PR for the cuQuantum StateVector backend. Some comments: - Naming convention for this new backend, currently still "
https://github.com/NVIDIA/cuda-quantum/issues/4696,NVIDIA/cuda-quantum,Native OpenQASM 2.0/3.0 Translation and Expanded Qiskit Support in contrib,open,2026,False,5,input_permutation,### Background & Context  I recently submitted PR #4613  which expanded the interoperability features within the `cudaq.contrib` module. The PR was labeled with a `wontfix` without additional feedback
https://github.com/qBraid/qBraid/pull/1211,qBraid/qBraid,Qrisp as a supported framework,closed,2026,True,7,input_permutation,"## Summary of changes  Closes #1186 .  - Added `qrisp` as a supported framework to converters. - Added `qrisp` to supported programs via `QrispCircuit`.  New paths ``` `qrisp` -> `cirq` `qri"
https://github.com/qBraid/qbraid-qir/pull/271,qBraid/qbraid-qir,feat: add qbraid_qir.qiskit module for Qiskit to QIR conversion,closed,2026,True,5,input_permutation,"## Summary  Port of [microsoft/qiskit-qir](https://github.com/microsoft/qiskit-qir) (MIT License, now archived) into qbraid-qir as `qbraid_qir.qiskit`.  Closes #272  ## Changes  ### New Module: `qbrai"
https://github.com/NVIDIA/cuda-quantum/pull/4678,NVIDIA/cuda-quantum,[unitaryhack] Topology-aware initial placement for the qubit-mapping pass,closed,2026,True,23,classical_remap,"Fixes #4289.  The qubit-mapping pass starts its SABRE router from identity placement (`virtual i -> physical i`). On irregular topologies that ties the routed SWAP count to how the physical qubits h"
https://github.com/unitaryfoundation/clifft/pull/119,unitaryfoundation/clifft,feat: add Qiskit BackendV2 provider,closed,2026,True,5,classical_remap,Closes #39  ## Design  - **Location:** optional subpackage at `clifft/qiskit_provider/` — Qiskit is not a hard dep on the core - **Interface:** `BackendV2` only (Qiskit 2.x — `BackendV1`/`ProviderV1` 
https://github.com/sagacioussid02/qxplore/pull/26,sagacioussid02/qxplore,"feat: add multi-qubit gates (CNOT, SWAP, Toffoli) to REST API with schema validation",closed,2026,True,7,classical_remap,"## Context  This PR implements multi-qubit gate support (CNOT/CX, SWAP, Toffoli) in the canonical backend to unblock quantum circuit entanglement and measurement visualization work. Multi-qubit gates "
https://github.com/Qiskit/qiskit/pull/13486,Qiskit/qiskit,Port standard instructions to Rust.,closed,2024,True,11,classical_remap,"<!-- ⚠️ If you do not respect this template, your pull request will be closed. ⚠️ Your pull request title should be short detailed and understandable for all. ⚠️ Also, please add a release note fil"
https://github.com/Qiskit/qiskit/pull/11483,Qiskit/qiskit,Add circuit generation from set of stabilizers,closed,2024,True,5,classical_remap, - [x] I have added the tests to cover my changes. - [x] I have updated the documentation accordingly. - [x] I have read the CONTRIBUTING document.   ### Summary  Add `stabilizer_to_circuit` function 
https://github.com/munich-quantum-toolkit/bench/pull/816,munich-quantum-toolkit/bench,Added GHZ dynamic implementation and its tests,closed,2026,True,13,register_shape,"## Description  Please include a summary of the change and, if applicable, which issue is fixed. Please also include relevant motivation and context. List any dependencies that are required for th"
https://github.com/Scottcjn/rustchain-bounties/issues/100,Scottcjn/rustchain-bounties,"[BOUNTY] Discovery Mode — Find Elyan Labs Software, Open PRs, Earn RTC",open,2026,False,116,general_builder,## Discovery Mode Bounty — Explore Elyan Labs Software and Contribute  **Difficulty:** Easy to Medium   **Starter Reward:** 2 RTC for a valid first discovery claim   **PR Reward:** 10 RTC for accepted
https://github.com/quantum-advantage-tracker/quantum-advantage-tracker.github.io/issues/149,quantum-advantage-tracker/quantum-advantage-tracker.github.io,Quantum Simulation of High Energy Physics (a non-Abelian lattice gauge theory),closed,2026,False,21,general_builder,### Name  Simulating SU(2) Hadron dynamics on a 60 site lattice using 120 qubits  ### Circuit  SU(2)Hadron-LSH-x_100_meson  ### Observable value  59.99402699  ### Error bound (low)  -0.005710650099  #
https://github.com/qutip/qutip-qip/pull/386,qutip/qutip-qip,Measurement: Remove targets and classical_store,closed,2026,True,16,general_builder,"**Description** This PR removes `targets` and `classical_store` from `Measurement` class.  **Changes** - Deprecates(Removes) `targets` and `classical_store` from `Measurement` class - Changes `me"
https://github.com/munich-quantum-toolkit/core/pull/1755,munich-quantum-toolkit/core,:sparkles: Add Dead Gate Elimination Pattern,open,2026,True,17,general_builder,"## Description  This PR implements Dead Gate Elimination for unused operations on qubits.  An operation is considered unused if all of its outputs' users are dealloc operations. This means a meas"
https://github.com/eclipse-qrisp/Qrisp/pull/597,eclipse-qrisp/Qrisp,FOQCS-LCU,closed,2026,True,16,general_builder,"## Description  This PR implements the FOQCS-LCU block encoding method for `BlockEncoding` class.  ## Related Issues  <!-- Link related issues. Use closing keywords to auto-close them on merge. "
https://github.com/munich-quantum-toolkit/yaqs/pull/364,munich-quantum-toolkit/yaqs,extended EquivalenceChecker output to include entropy and the resulting diff data structure,closed,2026,True,7,general_builder,"## Description  This PR updates the output of the EquivalenceChecker from a simple True/False and runtime to include  1. The fidelity calculation itself 2. Center cut entanglement entropy of the "
https://github.com/munich-quantum-toolkit/core/pull/1671,munich-quantum-toolkit/core,✨ Add OpenQASM-to-QC translation,closed,2026,True,12,general_builder,"## Description  This PR adds a direct OpenQASM-to-QC translation that bypasses the `qc::QuantumComputation`.  The new flow reuses the existing parser and walks the AST directly to emit QC dialect "
https://github.com/munich-quantum-toolkit/core/pull/1756,munich-quantum-toolkit/core,:sparkles: Add pass and patterns for Classical Control Replacement,open,2026,True,4,parameter_periodicity,"## Description  *Part 2 out of 3 of the Qubit Reuse Implementation*  This PR ports the previous implementation of the Classical Control Replacement pass to the new dialect infrastructure.  This "
https://github.com/unitaryfoundation/metriq-gym/pull/735,unitaryfoundation/metriq-gym,Use qBraid's native OriginQ provider instead of custom metriq-gym one,closed,2026,True,4,input_permutation,"- Point qbraid dependency at vprusso/qBraid@add-originq-provider which includes a native OriginQ provider (see qBraid/qBraid#1146) - Remove origin entry points from metriq-gym pyproject.toml - Updat"
https://github.com/Qiskit/qiskit-aer/issues/2362,Qiskit/qiskit-aer,`mps_log_data` seems to store data from previous runs?,open,2025,False,0,register_shape,"### Informations  - **Qiskit Aer version**: 0.17.1 - **Python version**: 3.12.9 - **Operating system**: MacOS Sequoia 15.6  ### What is the current behavior? I'm not sure why, but it seems that the `m"
https://github.com/munich-quantum-toolkit/ionshuttler/pull/189,munich-quantum-toolkit/ionshuttler,Add Fine-Grained Circuit Partitioning,open,2026,True,3,qft_round_trip,"## Description  This PR implements Fine-Grained Partitioning (FGP) for the ionshuttler (accompanying paper submitted), an optional pre-compilation step that assigns gates to processing zones to opti"
https://github.com/munich-quantum-toolkit/bench/issues/788,munich-quantum-toolkit/bench,📊 Tracking Issue: Dynamic Circuits,open,2026,False,3,classical_remap,"As opposed to more general [structured quantum programs](https://github.com/munich-quantum-toolkit/bench/issues/691), Qiskit natively supports classical feedforward and explicit control flow as descri"
https://github.com/QuEraComputing/bloqade-circuit/issues/754,QuEraComputing/bloqade-circuit,Incorrect `cx` decomposition in `native.stdlib.broadcast`: emits `Z_ctrl · CX` instead of `CX`,closed,2026,False,2,parameter_periodicity,"## Summary  `bloqade.native.stdlib.broadcast.cx` implements a CX via a √Y / √Y† sandwich around CZ on the target, but the two √Y's are in the **wrong order**. The resulting operator is `Z_ctrl · CX`, "
https://github.com/microsoft/qdk-chemistry/pull/431,microsoft/qdk-chemistry,Adding time-dependent Hamiltonian evolution,closed,2026,True,2,parameter_periodicity,This PR adds the ability to run time evolution experiments by mapping a time-dependent Hamiltonian (represented by a list of Hamiltonians and corresponding time coordinates) into a Trotterized unitary
https://github.com/QuEraComputing/bloqade-circuit/issues/755,QuEraComputing/bloqade-circuit,`shift(angle)` applies phase `angle/2` instead of `angle` — off by factor of 2,closed,2026,False,2,qft_round_trip,"## Summary  `bloqade.native.stdlib.broadcast.shift(angle, qubits)` has a factor-of-2 bug. Its docstring says ""phase shift to the `|1>` state ... angle: Phase shift angle in radians"", which across Qisk"
https://github.com/microsoft/qdk-chemistry/pull/464,microsoft/qdk-chemistry,Optimize ASCI workflow,closed,2026,True,2,input_permutation,
https://github.com/qBraid/pyqasm/pull/320,qBraid/pyqasm,"Add c3x and rc3x gates, fix broken c4x, extend ctrl chain",closed,2026,True,2,input_permutation,"## What  Adds the multi-controlled-X gates missing/broken in pyqasm, surfaced while transpiling qiskit's `qelib1.inc` extension gates (qBraid issue: `test_preprocess_qasm_1` is skipped because `c3x`"
https://github.com/qBraid/qBraid/pull/1202,qBraid/qBraid,Add OpenQASM3 to pyQuil conversion,closed,2026,True,2,input_permutation,Closes #1179.  ## Summary  - add `openqasm3_to_pyquil` as a direct OpenQASM 3 AST/string to pyQuil conversion - use `pyqasm` validation/unrolling and build a `pyquil.Program` directly - export the con
https://github.com/QoroQuantum/divi/pull/86,QoroQuantum/divi,chore(main): release 0.5.0,closed,2026,True,2,classical_remap,:robot: I have created a release *beep* *boop* ---   ## [0.5.0](https://github.com/QoroQuantum/divi/compare/v0.12.0...v0.5.0) (2026-06-05)   ### ✨ Added  * adaptive shot allocation across measurement 
https://github.com/Jij-Inc/Qamomile/pull/315,Jij-Inc/Qamomile,Introduce QBraidExecutor,closed,2026,True,2,classical_remap,"## Description Introducing `QBraidExecutor` as a supported executor for `QiskitTranspiler`, including  * the implementation itself, and * a small documentation for the executor.  Furthermore, th"
https://github.com/Jij-Inc/Qamomile/pull/417,Jij-Inc/Qamomile,fix: support measured Vector[Bit] elements in runtime if/while,closed,2026,True,2,ancilla_uncompute,## Summary  - Fixes a compile failure when a measured `Vector[Bit]` element is used as a runtime control-flow condition: `s = qmc.measure(register); if s[i]:` previously raised `EmitError` in flat cha
https://github.com/PennyLaneAI/pennylane/issues/9510,PennyLaneAI/pennylane,[BUG] Wrong result from PennyLane `decompose` pass on a controlled-SX gate,open,2026,False,2,register_shape,"### Expected behavior  I expected `decompose` to be semantically preserving transformation.  ### Actual behavior  I found a small case where importing an OpenQASM circuit with PennyLane, decomposing i"
https://github.com/eclipse-qrisp/Qrisp/pull/620,eclipse-qrisp/Qrisp,feature: qrisp integration with Kipu Quantum backends including testing,open,2026,True,2,general_builder,"Kipu Quantum Cloud backends integration into Qrisp, ongoing development as more backends become available  ## Description  This PR provides the needed interface code to be able to call on Kipu Qua"
https://github.com/Jij-Inc/Qamomile/pull/466,Jij-Inc/Qamomile,Add modulo (%) operator for UInt in qamomile.circuit,closed,2026,True,2,general_builder,"## Summary  `UInt` (the compile-time unsigned-integer handle) already implemented `+ - * / // **` but not the modulo operator `%`. As a result, writing natural index arithmetic such as `i % 2` inside "
https://github.com/munich-quantum-toolkit/core/pull/1407,munich-quantum-toolkit/core,✨ Add rotation-gate merging using quaternions,closed,2025,True,25,parameter_periodicity,"## Description   This PR extends the rotation merging pass in the QCO ~~MQTOpt~~ dialect to support quaternion-based gate fusion.  The existing rotation merge pass only merges consecutive rotatio"
https://github.com/munich-quantum-toolkit/predictor/pull/526,munich-quantum-toolkit/predictor,✨ Add stepwise intermediate reward for RL,closed,2025,True,7,parameter_periodicity,"## Description  This PR introduces a shaped, step-wise reward signal for the RL-based compiler.  For the figures of merit expected_fidelity and estimated_success_probability, the reward is compute"
https://github.com/munich-quantum-toolkit/predictor/pull/449,munich-quantum-toolkit/predictor,✨ Refined MDP for RL,closed,2025,True,11,parameter_periodicity,"## Description  This PR refactors the underlying MDP used by the RL-based predictor. It expands the action space, refines state transitions and observations, and adds support for stochastic transpil"
https://github.com/simonokwundue-ops/Experienced-FX-Trader/pull/10,simonokwundue-ops/Experienced-FX-Trader,Implement Quantum Forex Trader EA with MQL5 syntax fixes and proper MT5 directory structure,closed,2025,True,11,parameter_periodicity,"## Compilation Verification - Fix Confirmed in Repository  ### User Issue User reports 16 compilation errors with 'input' keyword, but these errors are from an **old cached version**. The fix is alrea"
https://github.com/Qiskit/qiskit/pull/10320,Qiskit/qiskit,improve controlled UnitaryGate (issue #10313),closed,2023,True,13,parameter_periodicity,"<!-- ⚠️ If you do not respect this template, your pull request will be closed. ⚠️ Your pull request title should be short detailed and understandable for all. ⚠️ Also, please add a release note fil"
https://github.com/Qiskit/qiskit/pull/10827,Qiskit/qiskit,Oxidize `QuantumCircuit._data` and intern `CircuitInstruction` args,closed,2023,True,8,parameter_periodicity,"<!-- ⚠️ If you do not respect this template, your pull request will be closed. ⚠️ Your pull request title should be short detailed and understandable for all. ⚠️ Also, please add a release note fil"
https://github.com/sQUlearn/squlearn/pull/326,sQUlearn/squlearn,Qiskit 2 support,closed,2025,True,6,input_permutation,This pull request updates the minimum supported Python version to 3.10 and modernizes Qiskit usage throughout the codebase and documentation. It also removes support for legacy Qiskit and Python 3.9 i
https://github.com/munich-quantum-toolkit/ddsim/pull/571,munich-quantum-toolkit/ddsim,✨ Support for Qiskit 2.0,closed,2025,True,6,classical_remap,"## Description  This PR adds support for Qiskit 2.0. As a result of the update, the return values of `Estimator` and `Sampler` have been changed to align with Qiskit's implementations.  Fixes #541"
https://github.com/Qiskit/documentation/pull/207,Qiskit/documentation,copy-edit Order of qubits in Qiskit,closed,2023,True,5,classical_remap,"Add Order of qubits in Qiskit to Build section  Related to #100 "
https://github.com/munich-quantum-toolkit/core/pull/1380,munich-quantum-toolkit/core,✨ Add support for multi-controlled gates to ZX package,closed,2025,True,11,ancilla_uncompute,"## Description  Add CRZ, MCX, MCZ, MCRZ functionality to ZX package. Add convenience addCCZ function as it avoids one additional Hardamard edge (optimizes it away).  Fixes #1357  ## Checklist:"
https://github.com/PennyLaneAI/pennylane/issues/7021,PennyLaneAI/pennylane,Implementation of a non QFT based adder,open,2025,False,15,ancilla_uncompute,"### Feature details  Hello. I would like to add a method to the `Adder` subroutine that implements the adder without using the QFT. It is based on incrementer circuits, and constructs the adder by str"
https://github.com/PennyLaneAI/pennylane/pull/7028,PennyLaneAI/pennylane,Better MCX Decomposition with logarithmic Toffoli Depth,closed,2025,True,15,ancilla_uncompute,"**Context:** The recent paper [Rise of conditionally clean ancillae for optimizing quantum circuits](https://arxiv.org/abs/2407.17966) presents an improved decomposition of MCX gates using conditiona"
https://github.com/unitaryfoundation/mitiq/issues/2814,unitaryfoundation/mitiq,Make Mitiq compatible with the upcoming PennyLane v0.43,closed,2025,False,25,register_shape,"## Issue Description In PennyLane v0.43 (which will be released in October 2025), some deprecations (removals in v0.44) affecting Mitiq integration will be introduced.  In particular, in [this PR](htt"
https://github.com/munich-quantum-toolkit/bench/pull/577,munich-quantum-toolkit/bench,✨ feat: implement mirror circuit generation for device benchmarking,closed,2025,True,20,register_shape,"Closes #439  This PR adds functionality to generate ""mirror circuits"" (Circuit @ Circuit.inverse()) to MQT Bench.   **Implementation** *   A `generate_mirror_circuit: bool` parameter is added to "
https://github.com/Jij-Inc/Qamomile/pull/470,Jij-Inc/Qamomile,fix: inline CallBlockOperations inside ControlledUOperation.block,closed,2026,True,1,qft_round_trip,## Problem  `qmc.control` embeds the controlled kernel's body as a nested `Block` in `ControlledUOperation.block`. `InlinePass` recursed into `InverseBlockOperation`'s nested blocks but not into `Cont
https://github.com/Jij-Inc/Qamomile/pull/334,Jij-Inc/Qamomile,Add HHL algorithm and Möttönen amplitude encoding,closed,2026,True,1,qft_round_trip,## Summary - Implement the HHL (Harrow-Hassidim-Lloyd) algorithm for solving linear systems Ax=b on a quantum computer - Add Möttönen Y-rotation decomposition for real-amplitude state preparation (`am
https://github.com/devqubit-labs/devqubit/pull/101,devqubit-labs/devqubit,chore(deps): bump qiskit from 2.2.3 to 2.4.1,closed,2026,True,1,qft_round_trip,"Bumps [qiskit](https://github.com/Qiskit/qiskit) from 2.2.3 to 2.4.1. <details> <summary>Release notes</summary> <p><em>Sourced from <a href=""https://github.com/Qiskit/qiskit/releases"">qiskit's releas"
https://github.com/thierry-martinez/graphix/pull/25,thierry-martinez/graphix,Bump the python-packages group with 13 updates,closed,2026,True,1,qft_round_trip,"[//]: # (dependabot-start) ⚠️  **Dependabot is rebasing this PR** ⚠️   Rebasing might not happen immediately, so don't worry if this takes some time.  Note: if you make any changes to this PR yourself"
https://github.com/oqtopus-team/tranqu/pull/60,oqtopus-team/tranqu,chore(deps): bump the python-dependencies group across 1 directory with 8 updates,closed,2026,True,1,qft_round_trip,Bumps the python-dependencies group with 8 updates in the / directory:  | Package | From | To | | --- | --- | --- | | [qiskit](https://github.com/Qiskit/qiskit) | `2.2.3` | `2.4.1` | | [qiskit-qasm3-i
https://github.com/bsc-wdc/qdislib/pull/1,bsc-wdc/qdislib,Fix circuit-cutting bugs and add a regression test suite,open,2026,True,1,input_permutation,"Great catching up at ISC. I had a look at the code afterwards and fixed some issues. This PR collects a set of fixes, each with a regression test, and all changes keep the existing suite green (`pytho"
https://github.com/Jij-Inc/Qamomile/pull/374,Jij-Inc/Qamomile,feat: allow qmc.controlled to accept built-in gate functions,closed,2026,True,1,input_permutation,"## Summary - `qmc.controlled` now accepts plain built-in gate functions (`qmc.rx`, `qmc.h`, `qmc.cp`, ...) directly. The factory inspects the callable's signature and auto-synthesizes a thin `@qkernel"
https://github.com/microsoft/qdk-chemistry/pull/373,microsoft/qdk-chemistry,Add Model Hamiltonians ,closed,2026,True,1,classical_remap,See #357
https://github.com/Jij-Inc/Qamomile/pull/468,Jij-Inc/Qamomile,"Fix composite cast/QFixed carrier-key remapping through canonicalize, inline, and compile-time-if",closed,2026,True,1,ancilla_uncompute,"## Problem  A `QFixed` value produced by `qmc.cast(q, qmc.QFixed, ...)` stores references to its carrier qubits in metadata as legacy composite keys of the form `""<root_uuid>_<index>""`, where `<root_u"
https://github.com/Jij-Inc/Qamomile/pull/357,Jij-Inc/Qamomile,feat(circuit): Python-style Vector slicing — first-class IR with linearity & emit safety,closed,2026,True,1,ancilla_uncompute,"## What this PR sets out to do  Add Python-style slicing (`q[1::2]`, `q[lo:hi]`, ...) to `Vector[Qubit]` so QAOA-style alternating-qubit patterns and partial QFT/QPE applications can be expressed natu"
https://github.com/PennyLaneAI/pennylane/issues/9511,PennyLaneAI/pennylane,[BUG] Wrong result from PennyLane `decompose` on `sx`,open,2026,False,1,register_shape,"### Expected behavior   I expected `decompose` to be semantically preserving transformation.  ### Actual behavior  I found a small case where importing an OpenQASM circuit with PennyLane, decomposing "
https://github.com/QoroQuantum/divi/pull/93,QoroQuantum/divi,feat(qprog): add SPSA and QN-SPSA optimizers,closed,2026,True,1,general_builder,"## Summary  Adds two stochastic optimizers that scale to many parameters at a constant, small number of circuit evaluations per step — for noisy, shot-based backends where parameter-shift gradients ar"
https://github.com/aqora-io/cli/pull/198,aqora-io/cli,feat: scaleway integration,closed,2026,True,1,general_builder,"  <!-- This is an auto-generated comment: release notes by coderabbit.ai --> ## Summary by CodeRabbit  * **New Features**   * Qiskit provider integration with QPU backend, job/result handling, sampler"
https://github.com/microsoft/qdk-chemistry/pull/498,microsoft/qdk-chemistry,Add deterministic content hashing and local caching for algorithms,closed,2026,True,1,general_builder,"- C++ HashContext utility and content_hash() on all DataClass types - Python-side _hashing module with content_hash for DataClass, scalars, arrays - Algorithm.hash() method for deterministic run ide"
https://github.com/munich-quantum-toolkit/qmap/pull/832,munich-quantum-toolkit/qmap,✨ Add Hybrid Mapping Extension  + Hybrid Synthesis,closed,2025,True,4,parameter_periodicity,"## Description  Thir PR extends the Hybrid Mapper within QMAP. In particular in includes the following features:  1. Extended Hybrid Mapping    - added support for Bridge Gates    - added initia"
https://github.com/akramahmed1/QuantaEnergi/pull/4,akramahmed1/QuantaEnergi,Feature/UI and db updates,closed,2025,True,4,parameter_periodicity,"  <!-- This is an auto-generated comment: release notes by coderabbit.ai --> ## Summary by CodeRabbit  - New Features   - Comprehensive ETRM/CTRM API (trading, risk, pricing, analytics, compliance, cr"
https://github.com/Jij-Inc/Qamomile/pull/411,Jij-Inc/Qamomile,Add Grover Adaptive Search (GAS) for Combinatorial Optimization,open,2026,True,0,qft_round_trip,"## Summary  Adds Qamomile support for Grover Adaptive Search (GAS).  This includes:  - QFT-based primitives for encoding QUBO objectives into quantum phases - A Grover operator kernel combining"
https://github.com/guenp/macquerel/pull/6,guenp/macquerel,Fix MLX permutation path (composed & phased gates) + cross-simulator benchmark,closed,2026,True,0,qft_round_trip,"## Summary  Primarily a **correctness fix** for the MLX backend. While building a cross-simulator benchmark (vs Qiskit Aer / Qulacs), I found macquerel's MLX backend produced **wrong statevectors** fo"
https://github.com/JanLahmann/doQumentation/pull/180,JanLahmann/doQumentation,fix: two latent bugs (pt workshop quote build-break + anchor-script math corruption),closed,2026,True,0,qft_round_trip,"Resolves the two remaining tracked latent bugs.  ## 1. pt `workshop/04_Hands-on Introduction to Qiskit.mdx:253` — build-fatal A stray closing-tag fragment was appended after a self-closing `<img …/>`,"
https://github.com/oqtopus-team/oqtopus-engine/pull/85,oqtopus-team/oqtopus-engine,chore(deps): bump the python-dependencies group in /sse_runtime with 14 updates,closed,2026,True,0,qft_round_trip,Bumps the python-dependencies group in /sse_runtime with 14 updates:  | Package | From | To | | --- | --- | --- | | [matplotlib](https://github.com/matplotlib/matplotlib) | `3.10.3` | `3.10.9` | | [gr
https://github.com/oqtopus-team/oqtopus-engine/pull/84,oqtopus-team/oqtopus-engine,chore(deps): bump the python-dependencies group in /core with 16 updates,closed,2026,True,0,qft_round_trip,Bumps the python-dependencies group in /core with 16 updates:  | Package | From | To | | --- | --- | --- | | [certifi](https://github.com/certifi/python-certifi) | `2025.11.12` | `2026.5.20` | | [grpc
https://github.com/oqtopus-team/oqtopus-engine/pull/83,oqtopus-team/oqtopus-engine,chore(deps): bump the python-dependencies group in /combiner with 11 updates,closed,2026,True,0,qft_round_trip,Bumps the python-dependencies group in /combiner with 11 updates:  | Package | From | To | | --- | --- | --- | | [grpcio](https://github.com/grpc/grpc) | `1.76.0` | `1.81.0` | | [grpcio-reflection](ht
https://github.com/oqtopus-team/oqtopus-engine/pull/82,oqtopus-team/oqtopus-engine,chore(deps): bump the python-dependencies group in /mitigator with 11 updates,closed,2026,True,0,qft_round_trip,Bumps the python-dependencies group in /mitigator with 11 updates:  | Package | From | To | | --- | --- | --- | | [grpcio](https://github.com/grpc/grpc) | `1.76.0` | `1.81.0` | | [grpcio-reflection](h
https://github.com/oqtopus-team/oqtopus-engine/pull/81,oqtopus-team/oqtopus-engine,chore(deps): bump the python-dependencies group in /estimator with 10 updates,closed,2026,True,0,qft_round_trip,Bumps the python-dependencies group in /estimator with 10 updates:  | Package | From | To | | --- | --- | --- | | [grpcio](https://github.com/grpc/grpc) | `1.76.0` | `1.81.0` | | [grpcio-reflection](h
https://github.com/jascal/q-orca-lang/pull/17,jascal/q-orca-lang,"Close section-2 follow-ups: CSWAP tests, MCX/MCZ arity error, typo warning",closed,2026,True,0,input_permutation,"## Summary  Closes tasks 2.6 – 2.8 from `openspec/changes/extend-gate-set-and-parametric-actions/tasks.md`, which were captured from PR #14 QA.  - **2.6 CSWAP** — adds a parser case in both `q_orca/pa"
https://github.com/northsi/DailyArXiv/issues/206,northsi/DailyArXiv,"Latest 30 Papers – June 03, 2026",open,2026,False,0,classical_remap,"**Check the [GitHub page](https://github.com/zezhishao/MTS_Daily_ArXiv) for a better reading experience and more papers.**  ## 📋 Today's Overview *June 03, 2026*  ### Superconductivity (9 new today)  "
https://github.com/amazon-braket/qiskit-braket-provider/pull/163,amazon-braket/qiskit-braket-provider,Fix statevector endianness,closed,2024,True,0,classical_remap,"<!-- ⚠️ If you do not respect this template, your pull request will be closed. ⚠️ Your pull request title should be short detailed and understandable for all. ⚠️ Also, please add a release note fil"
https://github.com/LEQO-Framework/leqo-backend/issues/258,LEQO-Framework/leqo-backend,Investigate node-specific uncompute,closed,2026,False,0,ancilla_uncompute,- Prototype node-specific uncompute for reversible enrichments - Investigate algorithm-specific uncompute for HHL Explore - automatic inverse generation from Qiskit-backed circuits  - Generalize prepa
https://github.com/LEQO-Framework/leqo-backend/issues/272,LEQO-Framework/leqo-backend,Epic for Enrichment Project,open,2026,False,0,ancilla_uncompute,# QASM Mapping  Covers frontend nodes or variants that are necessary for the backend support for the QASM target.  ## Palette Nodes With Gaps  | Frontend node / variant | Current status | Note |  Issu
https://github.com/jascal/q-orca-lang/pull/60,jascal/q-orca-lang,tech-debt-backlog: §3.13 — promote `_infer_qubit_count` to shared util,closed,2026,True,0,ancilla_uncompute,## Summary  - Created `q_orca/compiler/util.py` and moved `_infer_qubit_count` there as the public `infer_qubit_count`. - `q_orca/compiler/qasm.py` now imports it as `_infer_qubit_count = infer_qubit_
https://github.com/zoedolan/Vybn/pull/2705,zoedolan/Vybn,"fix: IBM Quantum API — correct credentials, transpilation, and result…",closed,2026,True,0,register_shape,"… handling  Five bugs fixed across quantum_bridge.py, quantum_budget.py, quantum_heartbeat.py:  1. WRONG ENV VAR: Code looked for IBM_QUANTUM_TOKEN; env has QISKIT_IBM_TOKEN. Now uses QiskitRuntim"
https://github.com/MASSIVEMAGNETICS/FTQEC/pull/1,MASSIVEMAGNETICS/FTQEC,Implement FTQEC: 3-5 qubit quantum simulator with fractal state engines and tensor operations,closed,2026,True,0,register_shape,"Builds a quantum computing simulator that runs on classical hardware using fractal state decomposition and entropy-guided recursion, eliminating the need for quantum hardware while supporting 3-5 qubi"
https://github.com/dmvjs/qsim/pull/2,dmvjs/qsim,Bump the all-dependencies group with 7 updates,open,2026,True,0,general_builder,"Updates the requirements on [fastapi](https://github.com/fastapi/fastapi), [uvicorn](https://github.com/Kludex/uvicorn), [qiskit](https://github.com/Qiskit/qiskit), [qiskit-aer](https://github.com/Qis"
https://github.com/Infleqtion/client-superstaq/pull/1383,Infleqtion/client-superstaq,Transition to job objects for all `v0.3.0` compile endpoints,open,2026,True,0,general_builder,Towards https://github.com/Infleqtion/client-superstaq/issues/1243
https://github.com/ionq/ionq-core-python/pull/76,ionq/ionq-core-python,add QAOA example for Quantum Functions workload (Hamiltonian energy) with parameter optimization,open,2026,True,0,general_builder,"Closes #58   ## Summary An end-to-end example script `examples/quantum_function_qaoa.py` is added to demonstrate how to use the Quantum Functions API.   The script matches the issue description b"
https://github.com/qiskit-community/qiskit-experiments/pull/1067,qiskit-community/qiskit-experiments,Removing complex values support from Calibrations,closed,2023,True,3,parameter_periodicity,"### Summary This PR aims to remove the use of complex amplitude for `SymbolicPulse` in calibration experiments. Most notable changes are to the `HalfAngleCal` experiment and the `FixedFrquencyTransmo"
https://github.com/LEQO-Framework/leqo-backend/pull/46,LEQO-Framework/leqo-backend,docs: io annotation spec,closed,2025,True,2,ancilla_uncompute,"# Definition of Done  - [x] **Code Completion**: All necessary code for the feature or bug fix has been written. - [x] **Testing**: Relevant tests (unit, integration, user acceptance) have passed."
https://github.com/munich-quantum-toolkit/core/pull/1375,munich-quantum-toolkit/core,:sparkles: IQM JSON support in Qiskit-QDMI Backend,closed,2025,True,2,register_shape,"## Description  This pull request adds support for converting Qiskit quantum circuits to the IQM JSON format, a device-specific representation, and updates the backend to prioritize IQM JSON when av"
https://github.com/SteveTipp/SteveTipp/issues/1,SteveTipp/SteveTipp,Hi Steve i want to help me to fix this Complex Code and optimize it use less ancillas.,closed,2025,False,0,ancilla_uncompute,Here is the Quantum Qiskit python Respons when you Can : #Hi Steve am poor guy iRealy hope you get me some Donation for the Quantum project_ 1NEJcwfcEm7Aax8oJNjRUnY3hEavCjNrai ///// #=================
https://github.com/hongbo-miao/hongbomiao.com/pull/20917,hongbo-miao/hongbomiao.com,fix(quantum-computing): update dependency qiskit to v1.3.0,closed,2024,True,2,ancilla_uncompute,This PR contains the following updates:  | Package | Change | Age | Adoption | Passing | Confidence | |---|---|---|---|---|---| | [qiskit](https://redirect.github.com/Qiskit/qiskit) ([changelog](https
https://github.com/Quantinuum/pytket-docs/pull/370,Quantinuum/pytket-docs,docs: port manual source material to MyST markdown,closed,2024,True,2,register_shape,"# Description  Porting the manual source to MyST to allow easier use of the MyST library. We now use the MyST-nb library for building both the manual and examples pages. This ensures visual consiste"
https://github.com/KIT-TVA/quantum-pattern-detector/issues/2,KIT-TVA/quantum-pattern-detector,Rewrite Uncompute Detector,closed,2023,False,1,ancilla_uncompute,"Currently, the uncompute detector is implemented by searching for the circuit structure mentioned in [Towards a Pattern Language for Quantum Algorithms](https://link.springer.com/chapter/10.1007/978-3"
